date,hour_et,calls_sold_d-7,puts_sold_d-7,calls_premium_d-7,puts_premium_d-7,calls_sold_d-6,puts_sold_d-6,calls_premium_d-6,puts_premium_d-6,calls_sold_d-5,puts_sold_d-5,calls_premium_d-5,puts_premium_d-5,calls_sold_d-4,puts_sold_d-4,calls_premium_d-4,puts_premium_d-4,calls_sold_d-3,puts_sold_d-3,calls_premium_d-3,puts_premium_d-3,calls_sold_d-2,puts_sold_d-2,calls_premium_d-2,puts_premium_d-2,calls_sold_d-1,puts_sold_d-1,calls_premium_d-1,puts_premium_d-1,calls_sold_d0,puts_sold_d0,calls_premium_d0,puts_premium_d0,calls_sold_d1,puts_sold_d1,calls_premium_d1,puts_premium_d1,calls_sold_d2,puts_sold_d2,calls_premium_d2,puts_premium_d2,calls_sold_d3,puts_sold_d3,calls_premium_d3,puts_premium_d3,calls_sold_d4,puts_sold_d4,calls_premium_d4,puts_premium_d4,calls_sold_d5,puts_sold_d5,calls_premium_d5,puts_premium_d5,calls_sold_d6,puts_sold_d6,calls_premium_d6,puts_premium_d6,calls_sold_d7,puts_sold_d7,calls_premium_d7,puts_premium_d7,spy_prev_close,close,day_of_week,calls_sold_total,puts_sold_total,pc_ratio,imbalance,calls_premium_total,puts_premium_total,dealer_sold_premium_imbalance,ret_next_hour,y_syn,y
2024-06-03,9,742.0,4780.0,655824.71,11886.029999999999,964.0,10634.0,745053.44,42518.44,1628.0,20449.0,1103126.22,97111.29,2466.0,21242.0,1417544.68,155219.48,3464.0,16363.0,1599238.78,180047.81,4749.0,22315.0,1818677.25,426628.52,3988.0,29865.0,1101288.82,957930.04,9511.0,52603.0,1883778.03,2900256.64,29225.0,84036.0,3664077.05,7164235.54,59685.0,35212.0,4548862.78,4370992.1899999995,48992.0,9867.0,1931547.58,1745891.06,27004.0,1659.0,447926.93,424236.23,18598.0,198.0,138035.0,71060.98,7020.0,24.0,23316.9,11107.99,2617.0,3.0,5018.099999999999,1592.0,527.37,527.92,0,220653.0,309250.0,1.4015218465173755,-88597.0,21083316.270000003,18560714.24,-0.06363132097185799,-0.0035990301560842055,DOWN,DOWN
2024-06-03,10,185.0,35885.0,145828.83,162560.83,176.0,25651.0,109582.09,147849.87,598.0,62714.0,312416.97,438119.35,1547.0,52007.0,676655.33,596292.21,1674.0,29929.0,630846.26,805372.43,4820.0,56814.0,1103764.58,2469479.2600000002,14389.0,90531.0,1922342.14,5611542.67,31156.0,116272.0,3378264.94,9439480.32,70205.0,79879.0,5484959.16,9030331.46,85610.0,19232.0,3834156.65,3261266.87,79483.0,1393.0,1496701.19,334951.14,24970.0,667.0,214862.1,232676.34,37496.0,98.0,158732.93,44959.05,5202.0,64.0,10443.34,36022.04,1622.0,2.0,2165.36,1369.0,527.37,526.02,0,359133.0,571138.0,1.5903244758889037,-212005.0,19481721.87,32612272.840000004,0.25205498336412274,0.0001330747880309682,FLAT,FLAT
2024-06-03,11,145.0,32689.0,90478.16,190486.22999999998,565.0,36666.0,303112.76,255335.53,1537.0,13986.0,677934.43,184982.58,1596.0,22615.0,531738.92,561087.29,1714.0,39488.0,403710.27999999997,1475894.35,12883.0,55400.0,2223436.42,3607125.62,40804.0,48867.0,4534823.97,5002876.47,57720.0,16247.0,3762716.74,2609122.36,47165.0,11255.0,1662242.74,2363677.69,33689.0,1107.0,579749.03,355378.01999999996,26951.0,522.0,222684.1,204442.95,24239.0,41.0,104273.61,20338.02,15308.0,11.0,34582.01,6392.0,1981.0,1.0,2360.84,660.0,1488.0,0.0,1493.07,0.0,527.37,526.09,0,267785.0,278895.0,1.0414885075712177,-11110.0,15135337.079999998,16837799.11,0.053246638674513715,-0.0043718755346044665,DOWN,DOWN
2024-06-03,12,1933.0,30039.0,791736.13,410826.3,504.0,32952.0,170870.8,835798.75,3654.0,44341.0,849359.45,1990997.2,15638.0,64638.0,2663599.2,4786058.59,49912.0,68320.0,5543622.69,7111015.84,53955.0,50638.0,4013581.09,6505565.05,51094.0,25741.0,2464808.79,4319087.53,54440.0,7082.0,1584542.79,1941466.79,39354.0,2928.0,572089.52,1099437.84,41786.0,670.0,289268.49,315554.15,20982.0,715.0,83585.79,428811.93999999994,13970.0,6.0,30885.39,3946.0,2705.0,23.0,3924.7599999999998,16808.96,1613.0,10.0,1864.54,9119.999999999998,479.0,0.0,479.0,0.0,527.37,523.79,0,352019.0,328103.0,0.9320604853717213,23916.0,19064218.429999996,29774494.94,0.2192989079965967,0.0026728268962753934,UP,UP
2024-06-03,13,1095.0,32117.0,432060.97,358890.89,2037.0,29627.0,572987.37,688647.93,3867.0,43241.0,780237.6,1992284.32,20739.0,45469.0,3270360.53,3270383.41,50355.0,42201.0,5429954.58,3239241.65,79790.0,27397.0,6279616.85,3084403.65,62609.0,7872.0,2776843.91,1337365.63,42252.0,1536.0,985782.94,443187.20999999996,38476.0,813.0,450615.42,321277.84,25817.0,1319.0,146482.66,723305.31,36491.0,234.0,129314.58,150090.0,6047.0,100.0,12003.9,57600.0,2187.0,1.0,2242.83,678.0,1489.0,0.0,1489.0,0.0,30.0,0.0,30.0,0.0,527.37,525.19,0,373281.0,231927.0,0.6213201314837312,141354.0,21270023.14,15667355.840000002,-0.15168015313250705,0.0010662807745767137,UP,UP
2024-06-03,14,475.0,8360.0,262893.28,22652.62,271.0,26285.0,124773.92,113761.08,417.0,34874.0,149344.07,172571.49,2028.0,21785.0,519707.75,285062.12,8421.0,32338.0,1457611.62,968534.47,47555.0,53587.0,4871406.37,3095861.1,69541.0,27097.0,3648490.58,2691589.03,38908.0,2787.0,918105.03,439198.64,41035.0,1331.0,361921.52,341289.05,42209.0,170.0,189541.98,60053.200000000004,15387.0,3.0,29863.93,1296.0,2511.0,3.0,2650.2400000000002,1688.0,10733.0,4.0,10737.94,2612.0,229.0,2.0,229.0,1535.0,0.0,0.0,0.0,0.0,527.37,525.75,0,279720.0,208626.0,0.7458386958396045,71094.0,12547277.229999999,8197703.8,-0.20966871089010536,0.0038421302900617745,UP,UP
2024-06-03,15,452.0,1394.0,273488.3,1420.8700000000001,686.0,5872.0,362138.01,6267.26,439.0,8875.0,187247.9,12030.3,1559.0,23730.0,498496.43,76138.15000000001,4538.0,33374.0,1001613.71,177483.21,19694.0,44547.0,2581474.91,699385.15,91375.0,50740.0,5648392.19,2218231.52,80922.0,16441.0,1769286.2,1279666.92,59983.0,2515.0,318656.47000000003,408253.19,52410.0,465.0,127728.2,126077.95,26544.0,147.0,29004.74,55582.01,6257.0,270.0,6375.62,137586.0,745.0,23.0,745.0,12970.0,48.0,0.0,48.0,0.0,24.0,2.0,24.0,1490.0,527.37,527.77,0,345676.0,188395.0,0.5450045707554328,157281.0,12804719.679999998,5212582.53,-0.42138035214760255,-0.002425298899141615,DOWN,DOWN
2024-06-04,9,34.0,7777.0,18658.97,92531.68000000001,292.0,12757.0,130423.28,256814.16,541.0,16616.0,198211.56,517838.9,708.0,25046.0,198140.57,1224104.26,4181.0,43840.0,862204.91,3300987.83,16517.0,47734.0,2363343.08,5309670.38,44540.0,18131.0,4132260.85,2883933.59,29703.0,2982.0,1623384.29,655386.86,21673.0,448.0,642999.04,133502.67,18430.0,1039.0,275360.82,392630.75,12364.0,509.0,96067.77,255447.65,15480.0,13.0,57702.36,7302.0,6717.0,2.0,13343.82,1260.0,1794.0,26.0,1988.7,20166.97,5681.0,2.0,5681.0,1818.0,527.8,526.49,1,178655.0,176922.0,0.9902997397218645,1733.0,10619771.02,15053395.700000001,0.17269488911727945,-0.0010636479325344414,DOWN,DOWN
2024-06-04,10,266.0,20444.0,147891.0,178361.96,292.0,28117.0,138236.03,433979.59,860.0,38553.0,332252.52,1001624.49,1713.0,68047.0,503473.51,2785098.67,9476.0,95277.0,2034416.47,6049476.5,38499.0,109741.0,5970663.12,10419087.85,94324.0,47915.0,9760350.67,6384599.93,117672.0,11560.0,6908367.97,2117628.85,60294.0,1762.0,2051582.6400000001,439465.96,41896.0,1045.0,722074.31,378312.47,49110.0,1282.0,347264.07,599010.1,18679.0,55.0,64167.69,30752.0,10677.0,203.0,28165.18,132425.99,1583.0,4.0,1797.06,3020.0,709.0,2.0,709.0,1660.0,527.8,525.93,1,446050.0,424007.0,0.9505817733439064,22043.0,29011411.24,30954504.360000003,0.03240329277987331,-0.0012927575913143838,DOWN,DOWN
2024-06-04,11,350.0,7904.0,174234.32,78255.41,1866.0,20249.0,715803.31,328957.1,860.0,28723.0,256340.81,844004.96,2658.0,65204.0,602078.42,3012005.65,15985.0,71454.0,2392642.88,5530717.05,48077.0,54236.0,4684643.93,6217776.8,51502.0,18044.0,2896798.21,3125992.59,40362.0,2257.0,1091915.09,563470.97,22615.0,314.0,299648.4,103539.01,24472.0,1352.0,165100.68,561122.01,10361.0,389.0,38003.78,199818.63,2451.0,41.0,4711.8,25472.0,1202.0,15.0,1494.95,10692.0,1110.0,0.0,1314.95,0.0,159.0,0.0,159.0,0.0,527.8,525.2501,1,224030.0,270182.0,1.2060081239110565,-46152.0,13324890.529999997,20601824.18,0.2144897822321385,0.0023413608107834077,UP,UP
2024-06-04,12,60.0,17052.0,29025.0,107842.29999999999,188.0,24378.0,75684.03,263182.01,719.0,18689.0,193619.76,398136.34,5117.0,42564.0,1049311.0,1612466.76,27071.0,63491.0,3743021.56,4286085.66,68812.0,37368.0,6040672.74,3665729.25,73555.0,13138.0,3844792.14,1742256.2,38607.0,1794.0,995195.13,407199.1,19771.0,365.0,237753.97,112419.15,53720.0,778.0,270295.91,341176.72000000003,8524.0,155.0,24321.579999999998,72136.0,4034.0,15.0,7100.83,8734.01,1447.0,10.0,1543.34,7580.0,1660.0,0.0,1660.0,0.0,77.0,5.0,77.0,4537.0,527.8,526.4799,1,303362.0,219802.0,0.7245535037357198,83560.0,16514073.990000002,13029480.5,-0.11794767251785362,0.00068397672921604,UP,UP
2024-06-04,13,333.0,4819.0,194939.99,15662.109999999999,63.0,25887.0,28834.989999999998,112138.33,597.0,11341.0,205352.19,92827.46,1572.0,19689.0,394712.85000000003,326148.37,7999.0,58350.0,1396322.02,1836041.4,33085.0,48068.0,3715676.29,2891035.38,79134.0,28744.0,4898859.16,2937311.98,47552.0,4778.0,1315572.94,784131.11,12750.0,216.0,150355.95,51960.21,47404.0,137.0,240358.51,48753.81,4180.0,69.0,10606.710000000001,30544.04,3591.0,9.0,3755.1499999999996,4922.0,526.0,8.0,526.0,4943.0,102.0,0.0,102.0,0.0,36.0,0.0,36.0,0.0,527.8,526.84,1,238924.0,202115.0,0.8459384574180663,36809.0,12556010.75,9136419.2,-0.15763985675564407,0.0029608609824614066,UP,UP
2024-06-04,14,29.0,4526.0,20863.989999999998,4854.14,370.0,13392.0,231435.45,28289.01,468.0,13318.0,245046.72,28446.59,628.0,18831.0,266398.95,70576.14,3665.0,44606.0,1143002.26,332628.02999999997,20952.0,56062.0,4022143.27,919861.27,50499.0,47077.0,6824647.16,1491032.3,85595.0,57324.0,7320248.76,2669189.63,94371.0,36286.0,4605377.0,3177079.31,96486.0,5754.0,1888092.88,849752.27,30042.0,1966.0,217454.67,488768.39,39372.0,85.0,119743.19,32649.02,5165.0,27.0,6355.030000000001,11636.0,955.0,12.0,956.0,6156.03,140.0,17.0,140.0,10622.01,527.8,528.3999,1,428737.0,299283.0,0.6980573171904966,129454.0,26911905.330000006,10121540.139999999,-0.45338382580689296,-9.443605118013748e-05,FLAT,FLAT
2024-06-04,15,80.0,1821.0,54574.009999999995,1921.95,107.0,7027.0,60064.06,12408.62,307.0,18532.0,143880.85,49784.51,1497.0,22895.0,541049.93,136958.35,4553.0,53910.0,1185300.6,489479.02,9638.0,64617.0,1542214.03,1475035.85,34389.0,77354.0,3158995.7,3346645.11,109174.0,42437.0,4371533.84,3375668.21,72857.0,11906.0,985772.32,1762658.21,60053.0,3392.0,236082.19,836318.07,22897.0,1592.0,36505.24,573543.2999999999,5887.0,172.0,5910.15,74589.83,513.0,5.0,514.8299999999999,2730.0,29.0,0.0,29.0,0.0,123.0,5.0,123.0,3756.99,527.8,528.35,1,322104.0,305665.0,0.9489636887466503,16439.0,12322549.75,12141498.020000003,-0.007400726637805667,0.003274344657897255,UP,UP
2024-06-05,9,76.0,2880.0,72033.03,7708.29,37.0,15458.0,30444.02,69230.83,168.0,20987.0,126309.48999999999,134919.09,297.0,9646.0,190721.79,93057.27,648.0,23534.0,348635.98,361160.33999999997,1229.0,14487.0,542822.09,356526.02,1705.0,23919.0,602645.0800000001,857110.79,4365.0,34974.0,1174354.76,1969560.74,11288.0,48371.0,2167447.61,4089086.83,32192.0,50767.0,4158754.34,6048775.92,42373.0,12752.0,3390853.88,2125786.88,31718.0,1231.0,1379261.3800000001,289282.84,19562.0,7538.0,392789.69,2426917.47,13832.0,264.0,115973.62,109025.20999999999,37021.0,29.0,129452.04000000001,14351.0,528.39,530.08,2,196511.0,266837.0,1.3578730961607346,-70326.0,14822498.799999999,18952499.52,0.12227982014596525,0.0016601267733172232,UP,UP
2024-06-05,10,15.0,8052.0,12882.0,29710.46,26.0,15162.0,20845.0,82123.04999999999,70.0,13845.0,53182.0,96411.17,91.0,16958.0,58049.009999999995,121773.57,565.0,25681.0,302831.55,388088.69,647.0,30637.0,272568.98,624674.79,1426.0,41194.0,482966.39,1472063.4,8208.0,61993.0,2170190.85,3190553.23,22224.0,78351.0,3873488.83,6264380.96,89854.0,65725.0,10736054.53,6371377.4,98815.0,30495.0,7868934.04,3941329.92,60604.0,7926.0,2637653.52,1415181.27,47777.0,12935.0,922169.21,4072833.42,33596.0,709.0,289313.62,242404.21000000002,50871.0,58.0,202308.57,28836.0,528.39,530.96,2,414789.0,409721.0,0.9877817396315047,5068.0,29903438.1,28341741.54,-0.02681246018387206,0.0020152177188487537,UP,UP
2024-06-05,11,27.0,1489.0,29463.000000000004,1587.74,42.0,2754.0,43141.0,5542.4800000000005,98.0,9913.0,87284.17,29446.82,126.0,11678.0,97600.03,45757.22,576.0,32181.0,398696.02,163181.49000000002,513.0,13426.0,295662.21,104275.54000000001,505.0,14517.0,244269.31,162659.95,5577.0,29745.0,2176810.16,508751.42,3709.0,35002.0,1090665.08,936407.99,15218.0,50051.0,3202984.83,2135184.29,56667.0,65424.0,7628339.8,4341289.3,84257.0,48065.0,6929890.9,4710587.22,68551.0,16302.0,2911980.27,2362994.58,36805.0,3537.0,658839.36,769873.76,57551.0,528.0,375913.32,152498.25999999998,528.39,532.03,2,330222.0,334612.0,1.0132940870080938,-4390.0,26171539.459999997,16430038.06,-0.2286652740834882,0.0011559498524519444,UP,UP
2024-06-05,12,1.0,404.0,1115.0,484.0,6.0,1830.0,5982.0,3318.66,20.0,13029.0,18137.0,30771.76,17.0,3208.0,14322.01,10103.64,283.0,8240.0,206803.99,27723.510000000002,235.0,14541.0,149661.37000000002,105844.54000000001,707.0,5277.0,372237.23999999993,41840.21,944.0,14688.0,410442.96,168443.28,714.0,24220.0,243323.84999999998,437728.27999999997,3009.0,33283.0,776950.06,930078.9,11947.0,45531.0,2096270.62,2062066.99,36714.0,42966.0,3677530.39,3047739.46,47103.0,22917.0,2457152.92,2601633.78,30576.0,2212.0,630717.09,396989.06,31248.0,239.0,232557.36000000002,65643.26000000001,528.39,532.645,2,163524.0,232585.0,1.4223294439934056,-69061.0,11293203.86,9930409.33,-0.06421124046126359,0.001154615175210521,UP,UP
2024-06-05,13,4.0,3375.0,4792.0,3441.99,7.0,934.0,7561.0,959.01,12.0,868.0,11936.0,966.97,46.0,1190.0,41133.020000000004,2491.75,108.0,7370.0,85921.06,21517.62,136.0,12084.0,94368.08,48602.15,307.0,5623.0,182498.72999999998,34156.19,442.0,10771.0,208914.55,86362.01,414.0,17179.0,163006.76,183680.93,1863.0,30270.0,534091.74,515092.31,7297.0,50416.0,1504422.13,1312111.3399999999,27053.0,79609.0,3279232.99,3847390.2199999997,57430.0,35025.0,3483521.28,2914685.9,37882.0,5947.0,875783.75,846733.38,20933.0,7040.0,157246.76,1625715.6300000001,528.39,533.26,2,153934.0,267701.0,1.7390634947396997,-113767.0,10634429.85,11443907.4,0.03666388192344349,0.0011064021302929728,UP,UP
2024-06-05,14,111.0,261.0,134922.0,301.18,0.0,1101.0,0.0,1121.92,104.0,1335.0,105410.00000000001,1570.8,21.0,4845.0,20524.0,6200.7699999999995,220.0,8874.0,182139.04,17154.29,281.0,10720.0,203808.08,30633.739999999998,189.0,5566.0,126458.95,17775.899999999998,207.0,15689.0,117888.17000000001,71713.37,955.0,15743.0,424508.95,95358.58,1628.0,17431.0,567708.36,144201.72,7549.0,32253.0,1949946.22,385873.74,7105.0,44707.0,1186973.65,963036.36,36256.0,57242.0,3337049.26,2332249.69,59562.0,23187.0,2243309.46,1757594.97,62023.0,3514.0,719389.1799999999,566454.48,528.39,533.85,2,176211.0,242468.0,1.3760094432221823,-66257.0,11320035.32,6391241.51,-0.2782856288289252,0.0014985482813523517,UP,UP
2024-06-05,15,23.0,103.0,29583.02,103.0,42.0,357.0,48844.0,357.0,31.0,1083.0,33415.020000000004,1084.86,118.0,1919.0,117465.0,1922.44,338.0,6429.0,297012.94,6697.610000000001,153.0,8303.0,122416.20000000001,13165.68,367.0,10588.0,254067.69,14532.869999999999,732.0,22276.0,439933.29,45208.03,1741.0,16202.0,856062.65,29240.87,4139.0,26531.0,1611171.0299999998,84198.67,9904.0,32099.0,2870226.09,151976.39,7455.0,45266.0,1449358.02,361977.55,27275.0,73111.0,2826710.62,1220775.76,71698.0,64951.0,2798120.46,2924379.31,59307.0,10928.0,426602.06,1194847.75,528.39,534.65,2,183323.0,320146.0,1.746349339685984,-136823.0,14180988.090000002,6050467.79,-0.4018751961413268,-0.0005704666604319637,FLAT,FLAT
2024-06-06,9,486.0,21730.0,338084.31,127524.84,833.0,8668.0,504084.87,72613.1,1718.0,22424.0,882312.23,272485.71,1981.0,18321.0,826535.96,326237.04,1880.0,26612.0,599635.28,746504.6,3405.0,50621.0,808831.17,2253559.99,14452.0,72684.0,2351843.98,5093296.96,55493.0,62111.0,5713440.57,6612161.86,57260.0,9401.0,3242250.69,1484607.74,37025.0,816.0,1048938.16,185221.61000000002,27374.0,588.0,348929.67000000004,188811.07,13329.0,75.0,74923.1,32139.010000000002,20988.0,22.0,64094.92,11722.0,2491.0,3.0,4300.91,1903.0,3561.0,12.0,3563.12,8647.0,534.67,534.345,3,242276.0,294088.0,1.2138552724982505,-51812.0,16811768.94,17417435.53,0.017694439569310334,0.00021053813547418671,FLAT,FLAT
2024-06-06,10,42.0,21341.0,28675.98,106931.96,97.0,42036.0,57868.1,325006.69,279.0,28854.0,137651.99,277332.79,955.0,30186.0,379499.02999999997,468764.14,691.0,32578.0,206727.13,766348.4500000001,3188.0,53331.0,675299.11,2055718.47,21773.0,72912.0,3022507.81,4750396.52,67158.0,50985.0,5469765.8,5360531.45,41381.0,3791.0,1693451.72,620427.99,46873.0,4309.0,857587.04,1053538.45,26753.0,199.0,222322.48,65093.98,9937.0,60.0,39887.56,25550.0,4138.0,38.0,9693.9,19499.0,627.0,133.0,923.8100000000001,85009.0,3485.0,0.0,3485.0,0.0,534.67,534.4575,3,227377.0,340753.0,1.4986256305585057,-113376.0,12805346.460000003,15980148.889999999,0.11029174212212699,-0.0006090287815215111,DOWN,DOWN
2024-06-06,11,67.0,7760.0,42076.100000000006,32208.309999999998,341.0,37917.0,188743.0,230521.09,359.0,10847.0,157790.01,96971.20999999999,898.0,6802.0,312993.49,93744.93000000001,366.0,16725.0,96698.23,376672.24,3074.0,30383.0,531397.49,1148553.17,24560.0,59015.0,2539591.8,3923624.01,43411.0,31932.0,2265099.84,3685864.0900000003,27738.0,1780.0,642287.74,334256.33999999997,25468.0,1695.0,224036.22999999998,471745.3,6675.0,137.0,26379.21,50574.04,1691.0,35.0,4245.29,16310.0,2330.0,16.0,2873.82,8989.0,1238.0,0.0,1261.96,0.0,208.0,2.0,208.0,1480.0,534.67,534.132,3,138424.0,205046.0,1.4812893717817626,-66622.0,7035682.21,10471513.73,0.19625253134625079,-0.0012770251548306225,DOWN,DOWN
2024-06-06,12,40.0,24942.0,22664.96,101860.8,84.0,41840.0,40859.94,271650.72000000003,398.0,34768.0,148723.65,362136.27,3659.0,16460.0,999569.0800000001,321122.26,3244.0,41652.0,696693.36,1387056.65,16460.0,80299.0,2004537.77,4573301.78,47706.0,69008.0,3180915.33,6646999.1,48982.0,22853.0,1525889.37,3527084.67,28322.0,1774.0,367076.02,412978.09,21313.0,1809.0,107293.01999999999,587129.42,8720.0,134.0,24991.85,57543.979999999996,4299.0,418.0,7616.860000000001,226800.0,4764.0,3.0,4836.08,1923.0,1536.0,0.0,1537.0,0.0,1043.0,1.0,1043.0,866.0,534.67,533.4499,3,190570.0,335961.0,1.7629270084443358,-145391.0,9134247.29,18478452.740000002,0.3384024539377747,0.0013873842698257069,UP,UP
2024-06-06,13,14.0,8182.0,8122.04,22412.82,33.0,16967.0,16431.98,66367.66,449.0,21625.0,176158.46,91089.37,3127.0,18359.0,973008.1000000001,149256.7,1447.0,35633.0,310983.13,561784.64,19754.0,41255.0,2610572.64,1432112.8900000001,69820.0,40041.0,5009838.72,2628844.52,64497.0,12556.0,2081867.78,1476241.79,28222.0,1594.0,337746.14,318156.31,56801.0,294.0,249970.66999999998,89042.16,5898.0,34.0,12191.95,13507.95,1701.0,7.0,1905.1,3392.9999999999995,468.0,3.0,509.99,1780.0,61.0,0.0,61.0,0.0,5.0,10.0,5.0,8360.0,534.67,534.19,3,252297.0,196560.0,0.7790817964550546,55737.0,11789372.7,6862349.81,-0.26415913529477747,0.0004024785188788965,FLAT,FLAT
2024-06-06,14,22.0,13370.0,12675.0,48731.229999999996,82.0,7007.0,36166.0,34365.05,271.0,32630.0,99010.93,206551.91,962.0,32092.0,241237.65,414683.18,3522.0,58723.0,620953.79,1556333.3199999998,34118.0,89724.0,3323803.57,4175338.34,81137.0,60146.0,4120141.02,5004183.08,62514.0,11225.0,1188167.17,1535402.44,35959.0,1479.0,180554.24,341158.63,9568.0,459.0,19216.0,151922.29,7850.0,44.0,9431.92,20233.05,3251.0,218.0,3255.98,131701.0,301.0,11.0,301.0,6838.0,21.0,0.0,21.0,0.0,0.0,0.0,0.0,0.0,534.67,534.405,3,239578.0,307128.0,1.2819541026292818,-67550.0,9854935.27,13627441.52,0.16065265810769064,0.000421028994863488,FLAT,FLAT
2024-06-06,15,300.0,680.0,192880.06,683.0,310.0,2069.0,169582.97,2074.31,542.0,13308.0,232857.47,15035.500000000002,5532.0,14047.0,1892652.08,20871.5,1547.0,16923.0,370289.38,47335.26,10907.0,39746.0,1583017.29,302630.44,48092.0,55090.0,2909767.83,1417857.51,75332.0,21943.0,1165655.94,1826145.25,38013.0,1443.0,114885.35,247314.76,15079.0,653.0,15559.07,174156.97,957.0,65.0,957.0,23673.940000000002,279.0,406.0,279.0,182796.06,225.0,14.0,225.0,8155.950000000001,25.0,0.0,25.0,0.0,36.0,20.0,36.0,15800.0,534.67,534.63,3,197176.0,166407.0,0.8439515965439812,30769.0,8648669.44,4284530.45,-0.33743690866279974,-0.001103753998092149,DOWN,DOWN
2024-06-07,9,896.0,13582.0,491681.99,188616.28999999998,847.0,12674.0,394650.43,289505.8,1378.0,33469.0,497629.47,1199625.16,1880.0,34228.0,527478.9700000001,1806073.76,7700.0,52465.0,1549937.11,4103586.95,28534.0,41775.0,4229026.33,4539168.99,51365.0,18959.0,5178799.07,2794979.88,45683.0,10794.0,2723832.76,2261816.2800000003,32337.0,2969.0,1072309.99,837838.28,10465.0,1291.0,168426.19,518142.3399999999,13803.0,82.0,107830.9,37022.950000000004,17502.0,127.0,87364.90000000001,63073.649999999994,18296.0,135.0,47908.94,86249.73000000001,2648.0,0.0,3057.1800000000003,0.0,1320.0,2.0,1327.68,1807.9999999999998,534.66,534.0399,4,234654.0,222552.0,0.9484261934595258,12102.0,17081261.91,18727508.06,0.045973267201837725,0.002359561523399213,UP,UP
2024-06-07,10,264.0,19319.0,185623.82,112667.09999999999,1008.0,13137.0,572922.19,108716.15,2210.0,29838.0,1141755.91,372708.49,665.0,38295.0,278555.35,782933.02,2773.0,52927.0,933206.79,1536812.91,10887.0,68186.0,2370573.34,3327603.27,51799.0,74254.0,7965958.66,5222420.25,91669.0,79317.0,9741457.370000001,7551985.06,92138.0,30844.0,6789849.19,3713008.52,43069.0,5634.0,1897064.1300000001,1061030.67,32128.0,944.0,696345.08,233628.61000000002,56889.0,682.0,416743.39,241904.16999999998,28919.0,606.0,160869.29,294148.62,13263.0,9.0,46287.76,4689.0,5066.0,12.0,7223.15,7290.0,534.66,535.3,4,432747.0,414004.0,0.9566883190410178,18743.0,33204435.419999998,24571545.84,-0.14942004258050828,-0.0001888660564169135,FLAT,FLAT
2024-06-07,11,98.0,27457.0,67616.95,150504.61000000002,86.0,13516.0,49928.04,98082.08,829.0,21691.0,399944.02999999997,219547.77000000002,531.0,21766.0,195001.48,403327.15,1808.0,36760.0,528949.41,1015098.36,4286.0,48953.0,890305.58,2260599.05,29029.0,71805.0,4160541.54,5327157.71,97299.0,53975.0,8559282.72,6022269.16,76313.0,11836.0,3712933.52,2003236.3699999999,31879.0,1693.0,746932.53,422841.33,13803.0,698.0,154266.59,239432.4,14314.0,311.0,78708.1,131337.36000000002,4747.0,139.0,13114.18,77790.08,979.0,5.0,1535.66,3115.0,2219.0,24.0,2232.43,17602.989999999998,534.66,535.1989,4,278220.0,310629.0,1.1164869527707695,-32409.0,19561292.76,18391941.419999994,-0.030810321314228954,0.0021448100883616305,UP,UP
2024-06-07,12,91.0,3519.0,68909.81,9578.26,279.0,5691.0,184213.88999999998,23367.05,445.0,17559.0,253690.93000000002,89123.6,627.0,9860.0,300016.26,78063.56999999999,1653.0,18464.0,639808.46,229961.97,977.0,25295.0,277981.71,478223.89,7973.0,42319.0,1580345.96,1448956.8800000001,45844.0,58652.0,5339120.39,3513869.94,69237.0,31980.0,4554154.43,3074974.74,36272.0,4436.0,1186497.23,731364.3,27203.0,706.0,399474.68,161931.25,33561.0,213.0,195884.73,64977.17,9518.0,98.0,30994.52,42451.01,551.0,3.0,861.95,1642.0,946.0,4.0,946.0,2632.0,534.66,536.3468,4,235177.0,218799.0,0.9303588361109703,16378.0,15012900.95,9951117.63,-0.20276316105833456,-0.0008518741978138358,DOWN,DOWN
2024-06-07,13,78.0,2694.0,64273.92999999999,5956.97,71.0,2365.0,50300.0,6513.54,572.0,8723.0,353598.75,34396.62,123.0,5365.0,64789.0,26968.82,335.0,17354.0,142687.52,123850.66,1101.0,14977.0,357413.05,163163.01,3672.0,23951.0,882529.06,424536.39,18932.0,47573.0,2895712.12,1686641.54,48550.0,57274.0,4239285.31,3865939.6,52441.0,28923.0,2211905.87,3390384.71,27579.0,5221.0,536621.49,1015785.37,22900.0,1233.0,137201.15,349072.32,12075.0,114.0,40999.46,44373.009999999995,2000.0,21.0,2525.41,8947.0,1806.0,23.0,1806.0,13847.0,534.66,535.8899,4,192235.0,215811.0,1.1226415585084784,-23576.0,11981648.120000001,11160376.559999999,-0.03548831925279785,-0.0015113179031737097,DOWN,DOWN
2024-06-07,14,161.0,4879.0,106522.13,17140.12,235.0,4118.0,136939.96,17182.02,2934.0,17210.0,1513803.44,127022.66,388.0,27413.0,135659.91,330952.32,926.0,48275.0,251145.57,1006075.69,7693.0,62265.0,1382502.3800000001,2177383.0,36149.0,79831.0,3887781.64,4609110.14,86247.0,75922.0,4966581.92,6501580.09,60524.0,30800.0,1537177.45,4494293.3100000005,43480.0,5115.0,429680.68,1133413.44,32767.0,977.0,125939.44,319586.41,3818.0,386.0,7397.65,164729.1,8862.0,140.0,11934.640000000001,69133.0,1202.0,23.0,1212.04,15184.0,2230.0,74.0,2230.0,53323.0,534.66,535.08,4,287616.0,357428.0,1.2427264129942606,-69812.0,14496508.849999998,21036108.300000004,0.184044969791926,-0.002093144950287812,DOWN,DOWN
2024-06-07,15,572.0,2434.0,356400.07,2704.05,510.0,4104.0,286776.56,5034.43,1011.0,18230.0,456136.15,26629.63,382.0,14239.0,134554.38,35745.76,1714.0,44424.0,437586.58,241683.11,3907.0,44955.0,590800.06,547978.5,39895.0,81557.0,2573443.31,2794787.0,88204.0,48618.0,2609364.44,3833980.64,34865.0,7919.0,292978.08,1198309.91,32947.0,1531.0,78937.37,404068.67,16046.0,310.0,22661.75,103402.75,3072.0,730.0,3156.44,343551.98,2241.0,10.0,2253.16,5416.0,581.0,27.0,581.0,17785.0,16.0,0.0,16.0,0.0,534.66,533.96,4,225963.0,269088.0,1.1908498293960035,-43125.0,7845645.3500000015,9561077.43,0.09854997414969457,-0.0016293355307513725,DOWN,DOWN
2024-06-10,9,176.0,18152.0,101859.0,75974.45,103.0,23417.0,51258.020000000004,166532.58,478.0,12205.0,196855.64,151554.23,464.0,22610.0,144968.89,518090.88,1018.0,20190.0,233007.1,783420.3,7334.0,41707.0,1128231.52,2730275.86,50275.0,30601.0,4799855.83,3250391.13,34181.0,11229.0,1820750.9000000001,1847009.09,25858.0,2421.0,674114.02,567098.88,14656.0,721.0,177837.12,229859.67,24183.0,240.0,131717.68,98037.01,8511.0,693.0,24442.82,364184.76,1680.0,59.0,2964.53,35711.08,1533.0,29.0,1915.01,20500.0,4145.0,2.0,4315.25,1667.0,534.01,533.09,0,174595.0,184276.0,1.0554483232620897,-9681.0,9494093.329999998,10840306.92,0.06620375194001286,0.0012193063085032096,UP,UP
2024-06-10,10,21.0,4888.0,13954.99,10148.68,44.0,6597.0,24793.0,23309.77,299.0,10315.0,133929.54,57367.61,357.0,30412.0,127645.07,292594.37,794.0,23783.0,209379.61,442071.54,4877.0,33208.0,881707.92,1172624.22,59611.0,57103.0,6695418.53,3569516.09,86970.0,26419.0,5178379.94,2738228.94,40078.0,2741.0,1077539.8,478629.35,18221.0,635.0,212278.35,162178.12,9027.0,205.0,50686.72,73949.94,1919.0,85.0,5043.08,39139.0,567.0,27.0,764.1,14578.0,2650.0,1.0,2797.96,603.0,1992.0,4.0,2161.31,3083.0,534.01,533.74,0,227427.0,196423.0,0.8636749374530567,31004.0,14616479.920000004,9078021.629999997,-0.233744452412833,0.0016206392625623101,UP,UP
2024-06-10,11,20.0,1267.0,14829.0,1693.41,69.0,6977.0,42919.96,14735.32,368.0,6080.0,192526.94,18084.69,242.0,17194.0,106218.17,90841.33,350.0,19607.0,114512.17,176861.32,1849.0,40385.0,455121.51,709857.51,30718.0,55540.0,4812134.53,1841987.63,77140.0,65456.0,7052564.71,3971448.7600000002,81422.0,27020.0,3881201.75,2736972.17,36159.0,5397.0,738638.57,949891.33,40068.0,1038.0,296633.09,270478.94,36265.0,140.0,147120.42,48648.0,2364.0,28.0,4696.87,13634.94,2577.0,13.0,2973.88,7146.0,673.0,8.0,709.4000000000001,5508.0,534.01,534.605,0,310284.0,246150.0,0.7933054878762897,64134.0,17862800.97,10857789.35,-0.2439020765921275,0.0004489295835243004,FLAT,FLAT
2024-06-10,12,12.0,842.0,9377.0,972.12,8.0,2107.0,5435.0,4239.89,334.0,1155.0,198071.03,2619.27,62.0,5687.0,30314.96,22917.09,46.0,9951.0,18174.97,65072.69,825.0,7716.0,242008.78,91255.27,5345.0,24036.0,1090667.45,505099.43,17617.0,38756.0,2170395.81,1537783.75,46728.0,33142.0,2858590.37,2542500.65,16806.0,2626.0,425460.14999999997,369062.4,13925.0,508.0,123720.59,111877.42000000001,8305.0,82.0,37456.18,26105.96,534.0,21.0,1113.28,8586.98,1249.0,13.0,1385.41,6693.0,3249.0,6.0,3252.0,3581.0,534.01,534.845,0,115045.0,126648.0,1.1008561867086717,-11603.0,7215422.98,5298366.920000001,-0.15319548077116477,0.00086006226102875,UP,UP
2024-06-10,13,14.0,524.0,11415.0,589.94,95.0,1569.0,63490.96,2605.21,248.0,2819.0,140181.0,5823.35,151.0,23051.0,70390.01,84346.09,175.0,26609.0,66146.22,161022.15000000002,1337.0,33780.0,363111.33,306748.94,7145.0,56349.0,1413288.1199999999,969692.45,33731.0,93352.0,3630821.63,3487667.81,66231.0,55071.0,3692910.78,3904886.37,48914.0,9883.0,1132739.8599999999,1172617.01,30333.0,1961.0,240777.27000000002,465388.61,39911.0,467.0,136605.13,150423.71,4829.0,21.0,9161.8,9072.0,1667.0,24.0,1705.82,13013.000000000002,295.0,3.0,295.0,1772.0,534.01,535.305,0,235076.0,305483.0,1.2995073933523646,-70407.0,10973039.93,10735668.639999999,-0.010934380975937992,-0.0005510876976676073,FLAT,FLAT
2024-06-10,14,42.0,2607.0,34012.020000000004,2641.99,9.0,1120.0,6093.0,1120.0,238.0,1028.0,145692.9,1217.96,421.0,7566.0,215249.01999999996,12541.33,442.0,16487.0,181590.13,41390.78,1105.0,35978.0,329118.85000000003,165038.94,3964.0,31141.0,788369.95,292571.16,15659.0,57907.0,1749953.45,1345280.48,66431.0,58722.0,3289760.62,3281022.89,55628.0,9298.0,999880.58,1106350.1199999999,15749.0,1929.0,81907.69,388203.74,12963.0,408.0,46368.72,122956.25,4726.0,51.0,4931.04,21101.019999999997,370.0,8.0,370.0,4146.0,52.0,0.0,52.0,0.0,534.01,535.01,0,177799.0,224250.0,1.2612556876008232,-46451.0,7873349.97,6785582.66,-0.07420508282941235,0.0011962393226294557,UP,UP
2024-06-10,15,39.0,96.0,32067.010000000002,96.0,63.0,2045.0,46481.07,2046.08,83.0,3189.0,51346.01,3406.99,324.0,5464.0,172028.99,5595.33,92.0,10920.0,39231.04,11391.650000000001,631.0,24627.0,212993.49,31778.510000000002,2264.0,44361.0,543164.47,97970.06999999999,11432.0,58834.0,1615579.9,326682.8,77496.0,78407.0,4440197.92,1810964.71,62853.0,20286.0,1022113.79,1584468.2,26168.0,1595.0,118402.01000000001,271079.9,6755.0,1484.0,8004.89,401285.44,4932.0,84.0,4936.2,30911.04,423.0,35.0,471.1,16695.0,21.0,16.0,21.0,9159.0,534.01,535.65,0,193576.0,251443.0,1.2989368516742832,-57867.0,8307038.889999999,4603530.72,-0.2868586190907585,-0.005385979650891414,DOWN,DOWN
2024-06-11,9,118.0,18545.0,47286.07,353246.51,719.0,35510.0,217892.17,1014545.27,2208.0,32326.0,454841.25999999995,1483433.36,13754.0,49663.0,1941957.1,3582673.91,54930.0,61405.0,5213043.649999999,6044616.3100000005,96284.0,30276.0,6107024.16,4257475.18,50609.0,9120.0,1685374.7,1800411.93,27670.0,2637.0,456408.7,777577.66,13266.0,499.0,96121.22,200038.0,12226.0,601.0,39095.32,270339.25,2366.0,39.0,3320.98,21893.07,6076.0,79.0,6076.0,50720.86,296.0,3.0,296.0,2460.0,39.0,6.0,39.0,5584.0,57.0,30.0,57.0,28460.0,535.66,532.765,1,280618.0,240739.0,0.8578886600294425,39879.0,16268833.33,19893475.310000002,0.100232593446498,0.003613225343256529,UP,UP
2024-06-11,10,165.0,10683.0,75226.88,96327.0,1065.0,27297.0,374967.41000000003,449073.26,2580.0,27397.0,707682.0,713530.88,12359.0,45220.0,2297645.47,2048895.1300000001,57472.0,46051.0,7132342.42,3068519.79,128402.0,34475.0,10254179.89,3450838.61,90055.0,5826.0,4071554.67,813887.0599999999,42570.0,2819.0,884389.65,726723.0399999999,43241.0,697.0,341239.98,206775.21,22264.0,225.0,74747.75,108933.5,2446.0,14.0,4141.51,6765.0,4720.0,7.0,4772.0,4300.0,46.0,41.0,46.0,29356.0,100.0,8.0,100.0,6478.0,75.0,0.0,75.0,0.0,535.66,534.69,1,407560.0,200760.0,0.4925900480923236,206800.0,26223110.630000003,11730402.48,-0.38185419378690083,-0.0016456264377490112,DOWN,DOWN
2024-06-11,11,56.0,21290.0,30260.01,87865.95,117.0,24801.0,51614.119999999995,157129.0,916.0,22215.0,313949.87,232142.64,1288.0,31113.0,308311.84,689280.64,12143.0,52727.0,1981563.49,2185004.02,55161.0,91180.0,5362906.83,6570780.73,73693.0,28786.0,3701450.07,3503986.26,39633.0,3089.0,844307.68,614809.77,14211.0,1664.0,114787.51,472938.3,26797.0,640.0,81015.56999999999,228222.86,3807.0,32.0,4161.53,15005.0,1107.0,73.0,1110.0400000000002,40971.0,3.0,0.0,3.0,0.0,26.0,24.0,26.0,18448.0,0.0,0.0,0.0,0.0,535.66,533.8101,1,228958.0,277634.0,1.212597943726742,-48676.0,12795467.559999999,14816584.17,0.0731969007505524,0.0005430770230836549,FLAT,FLAT
2024-06-11,12,16.0,21315.0,7985.0,75959.73,105.0,17322.0,42537.94,107037.2,226.0,24024.0,69736.90000000001,252339.65,1518.0,28786.0,322788.62,625890.32,12948.0,41421.0,1768152.1,1752017.83,48409.0,43055.0,3599839.35,3375577.68,31287.0,3955.0,1036215.42,546488.06,14942.0,879.0,178562.63999999998,195685.01,15651.0,448.0,62832.45,139118.96,14172.0,30.0,23316.38,12001.0,2053.0,1.0,2197.05,517.0,205.0,32.0,205.0,19199.0,2.0,6.0,2.0,4256.0,0.0,0.0,0.0,0.0,13.0,0.0,13.0,0.0,535.66,534.1,1,141547.0,181274.0,1.280662960004234,-39727.0,7114383.85,7106087.44,-0.0005834131535311889,0.002059539412095152,UP,UP
2024-06-11,13,39.0,5981.0,22076.0,14007.25,155.0,19680.0,68245.96,63639.17999999999,220.0,23937.0,77898.12000000001,107608.5,2055.0,22744.0,556720.46,209764.91,16568.0,47260.0,2957693.49,1023511.1,53928.0,70285.0,5522714.46,3149804.92,101803.0,27392.0,5053956.55,2355453.27,44660.0,3249.0,886530.49,467337.11,60431.0,1336.0,359206.46,325194.91,18746.0,173.0,41011.31,59017.99,1303.0,1.0,1305.22,453.0,222.0,1.0,222.0,505.99999999999994,17.0,3.0,17.0,1962.0,118.0,0.0,118.0,0.0,57.0,0.0,57.0,0.0,535.66,535.2,1,300322.0,222042.0,0.7393464348274873,78280.0,15547772.520000001,7778260.14,-0.33308331910736805,0.001868460388639757,UP,UP
2024-06-11,14,32.0,2237.0,22127.0,2721.83,61.0,7399.0,34157.0,9408.279999999999,51.0,11885.0,25236.010000000002,24163.75,666.0,23083.0,250355.02000000002,75650.54000000001,7418.0,33772.0,1881434.64,165641.5,17009.0,43229.0,2976516.39,554027.8200000001,52389.0,61069.0,5001036.06,1911647.52,106555.0,69070.0,5594234.02,3954971.6,77131.0,15104.0,1590730.49,1610906.34,56254.0,1666.0,300633.92,327025.71,17863.0,75.0,38145.11,22950.05,1431.0,47.0,1431.0,18420.0,66.0,2.0,66.0,1156.0,68.0,10.0,68.0,6700.0,37.0,10.0,37.0,6820.0,535.66,536.2,1,337031.0,268658.0,0.7971314211458378,68373.0,17716207.66,8692210.940000001,-0.34170909120622833,0.0013241327862736317,UP,UP
2024-06-11,15,33.0,1611.0,23839.0,1631.29,101.0,2660.0,62410.840000000004,2712.84,197.0,9653.0,101070.11,10215.1,337.0,19521.0,138380.66,26042.37,1571.0,23920.0,499482.49,39030.39,3730.0,53893.0,791440.25,192989.22,28292.0,53846.0,3733238.84,463381.08,77397.0,63574.0,3545946.69,2037102.08,63550.0,15467.0,576854.9,1389773.45,20102.0,1870.0,48003.64,362789.26,3270.0,7.0,3371.85,2042.0,718.0,63.0,718.0,24136.0,74.0,6.0,74.0,2907.0,370.0,11.0,370.0,6509.0,1.0,25.0,1.0,17225.0,535.66,536.91,1,199743.0,246127.0,1.232218400643666,-46384.0,9525202.27,4578486.08,-0.35073918731334197,0.010762883909780151,UP,UP
2024-06-12,9,116.0,4787.0,135074.72,17979.57,126.0,3606.0,137899.12,18700.93,234.0,12291.0,237492.45,84001.36,336.0,8251.0,303146.21,83627.05,878.0,14811.0,703059.01,221893.8,1419.0,13532.0,1004851.87,276606.59,1872.0,10541.0,1139916.75,307549.87,4442.0,12979.0,2278200.8,557358.44,3494.0,14161.0,1579149.4000000001,830240.7,3259.0,21878.0,1226314.96,1761034.44,9218.0,44292.0,2789451.48,4303441.85,11539.0,37687.0,2757779.58,5267813.09,34547.0,21321.0,6606489.76,3664573.92,39749.0,9394.0,5773389.43,1894247.68,24009.0,2529.0,2272690.55,658319.78,536.95,542.6887,2,135238.0,232060.0,1.7159378281199371,-96822.0,28944906.09,19947389.07,-0.18402729899579165,0.0007302529055791945,UP,UP
2024-06-12,10,18.0,5949.0,23733.0,18924.39,43.0,951.0,53661.009999999995,3947.62,136.0,4446.0,153901.08000000002,22108.96,283.0,9536.0,291218.14,66217.34000000001,931.0,4943.0,871101.2100000001,50788.15,794.0,8846.0,672135.25,127178.66,822.0,6140.0,614240.8,121670.73999999999,1377.0,13075.0,881438.42,355002.77,564.0,13334.0,318869.99,513733.42,862.0,26376.0,408582.71,1318267.32,3972.0,54328.0,1543744.27,3715058.21,3757.0,29484.0,1208265.16,2774540.2399999998,15139.0,29310.0,3755218.57,3749856.05,34890.0,29563.0,6624703.57,4819825.47,37050.0,14306.0,5207309.24,2909298.91,536.95,543.085,2,100638.0,250587.0,2.489983902685964,-149949.0,22628122.42,20566418.25,-0.04773066545031868,-0.00015651325298993014,FLAT,FLAT
2024-06-12,11,92.0,1124.0,117618.98,3240.89,25.0,4675.0,29915.0,16191.77,41.0,4029.0,45447.0,20107.37,62.0,2985.0,61914.0,20955.04,102.0,6886.0,93354.01000000001,64035.89,119.0,5250.0,96438.05,70415.73999999999,175.0,2146.0,126079.98000000001,39405.34,292.0,3366.0,183901.16,88107.87,364.0,6777.0,195336.07,253338.74000000002,328.0,9638.0,143368.88,486108.54,839.0,19059.0,310335.03,1381105.08,1460.0,13054.0,428292.2,1299354.84,5981.0,16047.0,1361110.38,2130323.66,14017.0,19652.0,2393554.56,3393767.59,16453.0,5414.0,1989901.67,1189621.6,536.95,543.0,2,40350.0,120102.0,2.976505576159194,-79752.0,7576566.97,10456079.959999999,0.15968332331785082,-0.0003499079189687923,FLAT,FLAT
2024-06-12,12,11.0,1049.0,14209.0,2247.83,15.0,526.0,17759.989999999998,1416.32,44.0,1236.0,47870.0,4982.4800000000005,13.0,12556.0,12573.0,75157.78,58.0,9241.0,50837.94,80626.38,495.0,8805.0,387156.99,106266.16,122.0,2479.0,83829.03,45990.92,1116.0,4529.0,649594.99,114201.53,225.0,4313.0,114691.88,150775.69,166.0,3927.0,69761.66,198895.88,2122.0,11328.0,733669.88,793767.02,3588.0,10570.0,957874.62,1040948.47,7695.0,17699.0,1588857.0599999998,2368437.88,15062.0,11672.0,2268583.13,2068677.79,13947.0,736.0,1444091.45,166934.67,536.95,542.81,2,44679.0,100666.0,2.2530942948308357,-55987.0,8441360.62,7219326.8,-0.0780319399287213,-0.00045117075956580666,FLAT,FLAT
2024-06-12,13,45.0,3602.0,57102.0,9478.49,48.0,1665.0,56701.01,6179.2,13.0,5652.0,14082.0,27719.29,39.0,9027.0,38536.0,60220.87,29.0,23342.0,25920.010000000002,223514.85,468.0,7562.0,360080.21,88931.33,179.0,9226.0,121737.08,167114.86,226.0,8046.0,131949.77000000002,213931.41,318.0,15520.0,162450.97,598487.13,417.0,10408.0,175528.89,554715.71,1374.0,24462.0,473055.82,1824075.77,3163.0,13493.0,882764.64,1343579.7,12163.0,19733.0,2494151.05,2610995.59,20092.0,12962.0,2943580.24,2246334.3,21465.0,2957.0,2107624.31,685988.04,536.95,542.5651,2,60039.0,167657.0,2.7924682289546383,-107618.0,10045264.0,10661266.54,0.029749191387229347,-0.00011998560172784675,FLAT,FLAT
2024-06-12,14,52.0,2931.0,62607.0,4464.38,19.0,4454.0,21168.0,10261.12,67.0,6183.0,68344.93,16222.029999999999,115.0,9819.0,104459.03,38967.67,111.0,15028.0,90894.06,69092.23,1053.0,16229.0,732529.75,136105.67,741.0,16793.0,446688.05,219240.79,411.0,21299.0,216738.49,446940.27,890.0,25301.0,387416.31,801607.66,404.0,31927.0,147795.78,1453679.9,3856.0,64619.0,1030546.23,4471130.77,10574.0,42677.0,2107888.72,4259244.66,27122.0,44307.0,3966471.94,5940710.71,54394.0,20658.0,5321448.86,3705397.36,40953.0,1947.0,2465048.84,462312.17,536.95,542.5,2,140762.0,324172.0,2.302979497298255,-183410.0,17170045.99,22035377.39,0.12409842773134921,-0.0021382488479262047,DOWN,DOWN
2024-06-12,15,14.0,157.0,15795.0,157.0,47.0,364.0,47586.0,365.0,49.0,2023.0,51309.020000000004,2023.0,321.0,1827.0,299863.85,1943.84,232.0,5009.0,169585.0,6853.0,410.0,17322.0,275211.06,40382.659999999996,659.0,20145.0,374164.19,79685.06,1079.0,29700.0,533741.8099999999,162418.9,1985.0,43389.0,814260.11,419857.79,1883.0,51402.0,503822.58,938665.79,6737.0,94813.0,1223420.35,2628612.24,22060.0,68489.0,2310823.06,3540648.85,39233.0,56180.0,2872036.14,4423353.9799999995,82880.0,37068.0,4185319.29,4909674.29,55032.0,10403.0,1701381.8699999999,1573911.21,536.95,541.34,2,212621.0,438291.0,2.0613721128154725,-225670.0,15378319.33,18728552.61,0.09822751514397311,0.0012007241290131452,UP,UP
2024-06-13,9,73.0,2408.0,63377.0,6448.59,199.0,11165.0,150888.24,41906.03,174.0,25193.0,113839.17,143460.77,220.0,17673.0,122052.72,164547.21,233.0,10304.0,110583.08,150297.55,392.0,16709.0,145209.05,407865.95,1194.0,31139.0,338741.3,1212754.63,3878.0,38807.0,795310.88,2383170.89,21072.0,64041.0,2820310.71,5938710.5600000005,42539.0,22131.0,3585924.12,2991493.86,36714.0,2970.0,1778650.48,566032.06,25076.0,876.0,549784.3,243766.5,7544.0,282.0,80354.39,104055.76,18631.0,31.0,93702.89,14076.029999999999,6117.0,21.0,14073.39,11834.0,541.36,541.99,3,164056.0,243750.0,1.4857731506285305,-79694.0,10762801.720000003,14380420.389999999,0.14388047220730107,-0.00263842506319316,DOWN,DOWN
2024-06-13,10,509.0,5239.0,367939.0,21150.760000000002,623.0,66998.0,395228.04,393001.21,95.0,43638.0,53900.08,356851.75,920.0,20345.0,373275.83,319788.15,1128.0,40163.0,382571.09,1059669.73,1595.0,44444.0,385380.89,1865616.87,12336.0,71882.0,2072146.67,4906416.43,58412.0,85019.0,6597248.59,8621009.73,74104.0,42098.0,5485463.33,5878438.01,82823.0,10107.0,3680135.7,2035389.98,44567.0,1182.0,939035.97,335362.68,38192.0,507.0,383021.99,186495.18,22719.0,174.0,121568.42,77987.9,4656.0,58.0,12522.11,34506.02,3030.0,16.0,4227.89,10051.01,541.36,540.56,3,345709.0,431870.0,1.2492298435960614,-86161.0,21253665.599999998,26101735.41,0.10237628035239608,0.00120245671155855,UP,UP
2024-06-13,11,45.0,3662.0,31841.0,13351.34,37.0,22107.0,22600.96,125481.84,112.0,15187.0,55510.01,118436.03000000001,771.0,17033.0,330650.71,191498.35,860.0,20090.0,263029.77,487687.07,2872.0,28303.0,645803.75,1175236.33,17212.0,48549.0,2862476.76,3285445.83,62367.0,32279.0,6480548.54,3166618.44,60310.0,13547.0,3686094.96,1990968.02,41071.0,2648.0,1266462.83,597301.47,23577.0,586.0,337187.83,180217.02,46977.0,521.0,343986.77999999997,206625.1,10259.0,63.0,30926.579999999998,33614.84,1670.0,6.0,3146.88,3753.0,1189.0,11.0,1254.1200000000001,8210.0,541.36,541.21,3,269329.0,204592.0,0.7596359842432132,64737.0,16361521.48,11584444.68,-0.17093976184789847,-0.0008684244563109077,DOWN,DOWN
2024-06-13,12,93.0,7944.0,60102.0,33375.729999999996,138.0,28955.0,79327.1,141576.88999999998,182.0,12783.0,84264.08,139750.89,1437.0,19005.0,509442.14999999997,322049.3,770.0,35457.0,196372.56,1048123.01,6092.0,43018.0,1078168.93,2198150.33,30414.0,75383.0,3524292.34,6104052.74,68209.0,41807.0,4895087.75,5110232.06,41184.0,9414.0,1531377.4,1804617.3699999999,30445.0,923.0,530666.91,255885.49,40258.0,310.0,314730.58,109951.88,38681.0,434.0,134505.87,195233.32,7566.0,21.0,14937.590000000002,11961.99,3142.0,13.0,3193.02,8566.01,1662.0,3.0,1732.94,2160.0,541.36,540.74,3,270273.0,275470.0,1.0192287057900005,-5197.0,12958201.219999999,17485687.009999998,0.1487157539074913,0.0017198653696784928,UP,UP
2024-06-13,13,10.0,545.0,7661.0,764.37,16.0,10301.0,10537.0,23253.34,90.0,6789.0,49912.97,25671.36,362.0,11385.0,171542.06,50909.12,372.0,19532.0,129528.07,158196.02,1467.0,16455.0,383826.62,250417.69999999998,7493.0,32918.0,1263557.18,976412.75,39543.0,44482.0,4121199.99,2391245.23,50819.0,21652.0,2773450.88,2066865.15,36900.0,2354.0,844177.33,390991.36,34858.0,487.0,289292.34,124704.13,53765.0,222.0,175670.34,76081.01000000001,726.0,140.0,1081.1,62693.02,1364.0,3.0,1364.77,1641.0,279.0,10.0,280.0,6250.0,541.36,541.67,3,228064.0,167275.0,0.7334563982051816,60789.0,10223081.649999999,6606095.559999999,-0.21492352506993334,0.0015138368379272408,UP,UP
2024-06-13,14,50.0,501.0,40827.0,513.1800000000001,270.0,4365.0,196625.0,4550.87,186.0,4888.0,118365.5,5881.900000000001,222.0,7204.0,113475.93,14418.32,402.0,10148.0,163722.82,28058.68,566.0,21737.0,174427.78,121671.04,2446.0,20839.0,533036.79,211989.16,17913.0,32539.0,2323587.98,762560.4400000001,56361.0,42291.0,3519595.33,2131553.19,53642.0,8651.0,1136276.05,879801.9299999999,23028.0,812.0,150271.84,157804.34,17404.0,316.0,44521.51,94516.23,1531.0,22.0,1649.93,8544.0,144.0,7.0,144.0,3065.0,65.0,2.0,65.0,1253.0,541.36,542.49,3,174230.0,154322.0,0.8857372438736972,19908.0,8516592.459999999,4426181.28,-0.3160382204131526,-0.000165901675606982,FLAT,FLAT
2024-06-13,15,32.0,619.0,27461.999999999996,619.0,220.0,722.0,165428.12,722.0,57.0,991.0,38088.03999999999,1001.95,645.0,5816.0,358639.06,6100.870000000001,672.0,14094.0,310821.25,17468.420000000002,402.0,14071.0,148498.27,19829.48,1700.0,26796.0,452628.31,77079.85,6250.0,24917.0,1070484.28,154243.76,45516.0,58009.0,3895672.75,1169207.91,95648.0,33882.0,2487075.51,1964708.6300000001,51973.0,2997.0,327074.72,411552.1,39532.0,884.0,75037.42,209458.85,2512.0,151.0,2534.14,51257.880000000005,494.0,69.0,494.0,29617.98,1131.0,94.0,1131.0,50352.0,541.36,542.4,3,246784.0,184112.0,0.7460451244823568,62672.0,9361068.870000001,4163220.68,-0.38433428763728417,-0.0016039823008849612,DOWN,DOWN
2024-06-14,9,282.0,15932.0,177126.77,144525.8,135.0,6246.0,72922.97,84777.57,380.0,8251.0,164142.44,165638.55,624.0,18237.0,219379.67,533599.5399999999,888.0,22378.0,233447.87,977297.34,10721.0,46551.0,2027200.87,3156209.81,31172.0,52593.0,3940287.0100000002,5316754.62,54686.0,20063.0,4333997.0,3106777.54,38843.0,4257.0,1688600.57,971106.3999999999,22173.0,1077.0,461951.95,314484.38,19707.0,267.0,195058.15,107731.79,22356.0,44.0,110476.21,22030.11,3964.0,233.0,9882.21,134201.97999999998,2422.0,2.0,3469.7200000000003,1338.0,899.0,3.0,1204.0,2381.0,542.45,541.53,4,209252.0,196134.0,0.9373100376582432,13118.0,13639147.410000002,15038854.43,0.04880768987355462,-0.0005539859287573245,FLAT,FLAT
2024-06-14,10,931.0,14979.0,524194.34,155232.18,612.0,16509.0,295080.27,260873.66,530.0,46351.0,208916.32,1027493.39,1378.0,53116.0,401150.4,1901439.66,11233.0,93385.0,2391573.92,5288825.680000001,38340.0,153680.0,5455753.68,13189834.1,87173.0,78910.0,7778107.12,9830669.8,103475.0,11807.0,5205536.03,2126748.36,57899.0,7915.0,1406366.25,2093618.52,35227.0,1083.0,443233.91,377820.96,46757.0,197.0,267086.01,88636.11,7457.0,42.0,21312.489999999998,22200.0,2260.0,120.0,3955.87,75588.94,2854.0,10.0,2888.11,7734.0,1632.0,21.0,1693.33,17624.0,542.45,541.23,4,397758.0,478125.0,1.2020499901945352,-80367.0,24406848.05,36464339.36000001,0.19808207828748525,0.0003233375829129098,FLAT,FLAT
2024-06-14,11,515.0,3813.0,318437.22,22736.030000000002,398.0,20397.0,207619.93,163974.15,102.0,10349.0,42981.03,124711.18,1544.0,29189.0,515620.06999999995,575268.59,3061.0,41252.0,736752.23,1290934.55,12644.0,76067.0,1949900.9,4065823.49,64097.0,80780.0,6316290.46,6811219.17,92574.0,19670.0,4731922.51,2609969.29,37943.0,3485.0,863764.01,715751.16,12107.0,769.0,106972.81999999999,232043.36,11766.0,162.0,49058.22,64694.939999999995,3841.0,25.0,8090.67,12843.0,1221.0,3.0,1590.58,1714.0,2263.0,1.0,2284.93,611.0,1558.0,13.0,1558.0,10856.0,542.45,541.405,4,245634.0,285975.0,1.164232150271688,-40341.0,15852843.58,16703149.909999998,0.02611827313029642,0.0007388184446024262,UP,UP
2024-06-14,12,360.0,3611.0,225557.22,13753.32,30.0,8144.0,16522.010000000002,53423.060000000005,159.0,14109.0,74220.0,117758.53,1106.0,12894.0,407532.41000000003,167677.34,2615.0,27979.0,683092.35,603495.7,6151.0,34369.0,1136311.9,1206832.64,38914.0,54277.0,4163221.73,3242892.75,65297.0,22938.0,3539883.23,2404733.33,28408.0,4802.0,641041.19,817877.1,14571.0,1289.0,122892.59,328709.44,13040.0,266.0,40862.42,93154.16,1721.0,11.0,3042.48,5172.0,915.0,0.0,967.06,0.0,451.0,0.0,451.0,0.0,46.0,0.0,46.0,0.0,542.45,541.805,4,173784.0,184689.0,1.062750310730201,-10905.0,11055643.59,9055479.37,-0.09945562085111438,-6.459888705340132e-05,FLAT,FLAT
2024-06-14,13,410.0,3520.0,284884.81,7884.57,131.0,1607.0,80557.0,5018.43,575.0,10840.0,289297.67,52228.69,230.0,10445.0,96713.69,74784.47,2663.0,23265.0,865968.0700000001,275703.96,3645.0,35699.0,798197.03,688164.01,18340.0,43285.0,2505589.63,1534379.85,67743.0,45586.0,4848995.18,3093822.1999999997,48526.0,9023.0,1496606.21,1125022.46,16445.0,1157.0,171209.44,233882.09,16977.0,878.0,63922.71,257310.76,2061.0,123.0,3423.4700000000003,48581.32,1752.0,1.0,1798.68,500.0,674.0,0.0,674.0000000000001,0.0,245.0,1.0,245.0,700.0,542.45,541.77,4,180417.0,185430.0,1.0277856299571118,-5013.0,11508082.59,7397982.81,-0.21739583001758703,0.0005629695258136535,FLAT,FLAT
2024-06-14,14,603.0,1394.0,403989.28,2573.87,376.0,5091.0,225785.93,15083.02,509.0,8346.0,244030.44,36325.15,398.0,10711.0,152691.91,63885.09,4355.0,15599.0,1220217.24,148826.01,3023.0,39583.0,572249.94,641693.77,19346.0,60264.0,2158001.9,2205780.5300000003,64982.0,37049.0,3266159.51,2678162.15,33063.0,6732.0,544726.48,920421.15,37077.0,488.0,183151.79,112292.98,5683.0,864.0,10985.84,276373.4,999.0,24.0,1017.84,10864.96,531.0,2.0,534.04,1214.0,446.0,10.0,446.0,6500.0,10.0,3.0,10.0,2100.0,542.45,542.075,4,171401.0,186160.0,1.086108015705357,-14759.0,8983998.139999997,7122096.080000001,-0.11560233254365504,0.001208319881935104,UP,UP
2024-06-14,15,863.0,12434.0,637571.81,12530.5,154.0,8814.0,96727.9,9301.21,512.0,8247.0,265061.49,12101.01,391.0,11005.0,165248.93,25501.8,5125.0,16776.0,1717515.84,54109.520000000004,5288.0,28886.0,1204380.6,117284.33,10911.0,32420.0,1430760.41,272110.82,53436.0,43331.0,2587692.68,1318666.85,50041.0,10693.0,526351.45,917144.4,37913.0,1502.0,128795.16,271410.91000000003,11092.0,646.0,11696.19,180045.7,2633.0,32.0,2676.83,12062.99,1538.0,30.0,1543.98,14984.0,56.0,23.0,56.0,13344.0,74.0,7.0,74.0,4846.0,542.45,542.73,4,180027.0,174846.0,0.9712209835192986,5181.0,8776153.27,3235444.0400000005,-0.4612799686005738,-0.0011607981869437736,DOWN,DOWN
2024-06-17,9,115.0,16369.0,69901.83,92568.29,123.0,11354.0,62661.87,96437.19,172.0,12678.0,70632.19,167229.86000000002,942.0,19566.0,299899.42,422404.28,4028.0,36513.0,966725.91,1279556.09,8097.0,60084.0,1282027.51,3562414.35,46438.0,64989.0,4510127.21,6214585.69,59585.0,9033.0,3079576.69,1307956.44,28687.0,4096.0,647067.59,966902.0800000001,18095.0,777.0,158608.12,240363.18,9690.0,168.0,34145.63,68465.11,3899.0,68.0,6874.450000000001,33921.0,981.0,7.0,1372.41,4274.0,2311.0,2.0,2348.7599999999998,1370.0,2632.0,4.0,2632.0,3242.0,542.78,542.1,0,185795.0,235708.0,1.268645550201735,-49913.0,11194601.589999998,14461689.559999999,0.12734061797548138,0.0015310828260467176,UP,UP
2024-06-17,10,252.0,2532.0,167409.96,8093.5,93.0,34188.0,50537.0,181710.71000000002,120.0,19719.0,54152.990000000005,146212.11,1138.0,25805.0,419813.54,273868.5,6137.0,37940.0,1644643.92,782788.13,6458.0,57390.0,1193873.32,2057869.75,58193.0,88593.0,6640572.66,5602220.39,110396.0,34153.0,6627968.27,3504012.54,47923.0,6056.0,1200502.12,1094819.75,56913.0,2420.0,495553.36,612053.78,18911.0,149.0,74884.15,53650.200000000004,3340.0,39.0,6323.28,17029.0,412.0,0.0,638.28,0.0,3104.0,2.0,3227.08,1293.0,433.0,3.0,433.0,2265.0,542.78,542.93,0,313823.0,308989.0,0.9845964126275493,4834.0,18580532.93,14337886.359999998,-0.12888366639429463,0.0014182307111415729,UP,UP
2024-06-17,11,141.0,1374.0,105031.02,2592.89,25.0,2130.0,16222.0,5342.85,33.0,2497.0,18564.0,8337.41,1274.0,5042.0,579884.05,26270.39,3072.0,40258.0,1060546.26,309498.02999999997,2039.0,30270.0,545450.75,450188.0,14438.0,58105.0,2468374.07,1603973.23,67231.0,80538.0,6948322.54,3885186.02,74790.0,43479.0,3804065.86,3809075.92,35809.0,7806.0,668405.27,1186285.91,65540.0,2099.0,430646.42000000004,497324.88,19391.0,612.0,55689.71,204582.06,735.0,246.0,1219.68,107292.2,3309.0,1.0,3309.0,533.0,54.0,24.0,54.0,15587.01,542.78,543.7,0,287881.0,274481.0,0.953452989256139,13400.0,16705784.63,12112069.8,-0.1594051646404906,0.0031449328673900027,UP,UP
2024-06-17,12,46.0,2934.0,43223.86,3354.4,39.0,4367.0,32286.010000000002,9303.32,114.0,4060.0,86360.08,10111.81,173.0,6124.0,103995.98999999999,19338.62,346.0,11469.0,168808.02,58940.22,1187.0,16984.0,452491.37,140642.45,4318.0,46182.0,1246308.02,614031.0599999999,17584.0,59542.0,3236860.71,1505970.8699999999,45323.0,73889.0,4820580.399999999,3236560.06,85468.0,60912.0,6271169.87,3940468.56,70812.0,19853.0,2794696.2199999997,2106766.3,62891.0,2465.0,890574.57,441127.61,28051.0,872.0,194759.75,237761.35,31731.0,112.0,119451.92,41598.05,9144.0,85.0,16245.150000000001,43209.869999999995,542.78,545.4099,0,357227.0,309850.0,0.8673756462981035,47377.0,20477811.94,12409184.55,-0.24534400374485993,0.0036671501562402353,UP,UP
2024-06-17,13,91.0,1835.0,95200.0,2310.03,23.0,1073.0,20411.979999999996,1326.2,26.0,2195.0,21586.98,4181.85,209.0,2822.0,163161.8,6506.96,203.0,7528.0,133920.02,20790.84,550.0,24109.0,317646.95999999996,91347.3,1145.0,23302.0,504697.27,125396.33,2420.0,27133.0,873390.21,252332.21,3879.0,48169.0,988210.4299999999,753629.7000000001,15739.0,62371.0,2442196.81,1860512.77,47517.0,46337.0,4440709.41,2249495.82,72488.0,49575.0,4103395.91,3657765.79,42905.0,7765.0,1124226.12,1028164.35,50001.0,1011.0,415072.68,202354.01,31924.0,118.0,139728.88,42395.91,542.78,547.41,0,269120.0,305343.0,1.1345979488698923,-36223.0,15783555.459999999,10298510.07,-0.21029950191984617,0.0006497871796278278,UP,UP
2024-06-17,14,74.0,711.0,87833.0,768.99,9.0,1768.0,9670.0,1913.28,21.0,1961.0,20411.95,2625.68,36.0,4898.0,31954.0,5983.16,99.0,5034.0,77786.98999999999,8094.84,157.0,7390.0,107882.04999999999,14477.27,614.0,14241.0,357318.76,41998.73,2137.0,32739.0,1023303.98,124967.25,2968.0,15163.0,1204302.38,96090.18000000001,6849.0,20484.0,2023830.21,191157.48,6335.0,27961.0,1291703.34,465165.86,25868.0,57032.0,2970479.82,1897436.89,70159.0,56575.0,3915756.4,3929482.58,64175.0,11039.0,1353027.8800000001,1457212.3499999999,55205.0,1969.0,415812.29,435512.52999999997,542.78,547.7657,0,234706.0,258965.0,1.1033590960601631,-24259.0,14891073.05,8672887.069999998,-0.2638854398128959,-0.0013065805325161509,DOWN,DOWN
2024-06-17,15,325.0,357.0,393386.94999999995,357.0,134.0,439.0,145174.0,439.0,98.0,689.0,96376.90000000001,689.0,38.0,1065.0,33035.020000000004,1156.98,986.0,2573.0,792572.31,2740.49,773.0,2444.0,539128.93,2551.34,1159.0,10537.0,684539.63,13301.61,4287.0,18628.0,2128062.78,26193.65,4651.0,17480.0,1847191.24,31182.100000000002,5046.0,23136.0,1465741.3499999999,73294.62999999999,6633.0,23972.0,1246896.07,121920.87,35775.0,51307.0,2848815.41,974912.4099999999,66816.0,53164.0,2516279.39,2695956.66,37182.0,5180.0,403713.82,554087.03,20351.0,1159.0,66140.44,256974.97999999998,542.78,547.05,0,184254.0,212130.0,1.1512911524300624,-27876.0,15207054.24,4755757.75,-0.5235382918616305,0.00087743350699208,UP,UP
2024-06-18,9,371.0,5111.0,289742.35,18147.31,82.0,4415.0,55837.979999999996,20729.49,159.0,8546.0,92468.98,60831.22,419.0,8607.0,209658.26,96425.16,3476.0,15485.0,1328323.46,284560.64,3386.0,31995.0,1049349.35,955838.07,4281.0,35091.0,934999.24,1695338.71,21895.0,80502.0,3355641.41,6146030.97,60024.0,32072.0,5760232.26,3754602.48,61800.0,5367.0,3314050.37,936635.0800000001,54779.0,1671.0,1482567.18,414035.32,23932.0,1401.0,306861.3,469195.24,35904.0,580.0,226040.77,242289.38,24642.0,145.0,82709.06,74626.15,3255.0,0.0,7681.84,0.0,547.1,547.53,1,298405.0,230988.0,0.7740755014166181,67417.0,18496163.81,15169285.220000003,-0.09882175006889837,-0.0007853450952458298,DOWN,DOWN
2024-06-18,10,299.0,6853.0,222591.98,17367.1,121.0,5382.0,78001.02,21662.36,190.0,34453.0,106430.91,210061.88,243.0,14045.0,110522.87,141597.53,484.0,29957.0,174755.49,492779.33,1012.0,39048.0,277777.71,1088787.73,3339.0,50772.0,638350.8,2391030.94,24583.0,104827.0,3075959.06,8248715.75,73213.0,33158.0,5446630.12,4136650.7600000002,43104.0,5927.0,1704729.22,1109211.62,36805.0,4568.0,697116.2,1205569.27,21203.0,314.0,200106.21,113822.02,24565.0,124.0,122708.13,55667.4,6272.0,22.0,18284.56,11629.0,1959.0,1.0,3903.25,622.0,547.1,547.1,1,237392.0,329451.0,1.3877931859524002,-92059.0,12877867.530000003,19245174.689999998,0.1982161937338386,0.00128861268506658,UP,UP
2024-06-18,11,200.0,2798.0,142844.31,5065.14,70.0,13385.0,44987.08,49115.14,121.0,15912.0,62390.96,84565.76000000001,288.0,33056.0,126911.96999999999,295033.97,1745.0,27289.0,613939.87,352864.59,1617.0,25713.0,398272.18,639903.76,6594.0,45532.0,1068043.3699999999,2078874.9,48255.0,68302.0,4823639.4399999995,5281819.12,67972.0,16079.0,3703889.32,2059243.8800000001,31205.0,1148.0,791022.12,233905.87,30277.0,475.0,340464.87,140470.2,22752.0,103.0,133417.58000000002,38643.04,4082.0,13.0,13364.81,6074.0,797.0,35.0,1632.93,20992.0,373.0,0.0,507.06,0.0,547.1,547.805,1,216348.0,249840.0,1.1548061456535081,-33492.0,12265327.87,11286571.369999997,-0.04155743407468657,8.214601911277313e-05,FLAT,FLAT
2024-06-18,12,34.0,1829.0,26610.0,2186.85,35.0,1896.0,22359.0,3287.12,44.0,8168.0,25656.98,20213.57,599.0,6991.0,293449.77,26653.08,2295.0,24937.0,834997.06,172374.32,1206.0,16342.0,344367.06,185436.19999999998,5494.0,28920.0,1078542.96,672654.72,27958.0,67287.0,3218454.08,3292969.08,82621.0,27803.0,4996391.78,2541035.44,42348.0,3323.0,1184050.97,513484.95,79104.0,716.0,787214.69,166715.08,38423.0,407.0,197236.22999999998,144904.41,7183.0,41.0,22691.1,18045.0,5206.0,3.0,10373.68,1620.0,2148.0,0.0,2243.85,0.0,547.1,547.85,1,294698.0,188663.0,0.6401909751690199,106035.0,13044639.21,7761579.819999999,-0.25391732070023043,0.0004928356301907115,FLAT,FLAT
2024-06-18,13,88.0,1996.0,69130.0,2012.0,26.0,1207.0,17971.980000000003,1254.95,107.0,1510.0,64311.880000000005,2170.8,146.0,4143.0,75498.05,8724.1,1210.0,6665.0,500611.13,22600.489999999998,1174.0,17583.0,369616.58,110812.93000000001,2366.0,31702.0,524082.94,313552.0,19865.0,47584.0,2620093.14,1291023.22,85715.0,49615.0,5908323.2700000005,2700973.26,50795.0,8729.0,1479550.93,936704.8999999999,51857.0,739.0,548982.9500000001,134509.67,53907.0,360.0,223378.79,101887.87,1196.0,305.0,2827.34,125757.95,1061.0,1.0,1545.19,480.0,351.0,1.0,351.0,582.0,547.1,548.12,1,269864.0,172140.0,0.6378768564920186,97724.0,12406275.169999998,5753046.140000001,-0.36638093001503436,-0.00016419762095897186,FLAT,FLAT
2024-06-18,14,131.0,1225.0,101789.0,1308.31,159.0,2999.0,109572.95000000001,5235.3099999999995,344.0,4225.0,201032.97,7883.1,149.0,10163.0,69862.95,26274.7,1123.0,9420.0,443042.21,36126.94,1214.0,46262.0,333896.2,280633.8,3505.0,30078.0,634181.0499999999,466549.85000000003,26231.0,82091.0,2717837.52,2562456.32,73567.0,49802.0,3232218.47,3541818.85,48161.0,8546.0,677685.65,1225521.56,24800.0,1469.0,106251.52,334902.68,19919.0,121.0,38164.06,40135.99,7368.0,18.0,11922.15,7427.0,1486.0,0.0,1487.02,0.0,30.0,1.0,30.0,623.0,547.1,548.03,1,208187.0,246420.0,1.1836473939286138,-38233.0,8678973.72,8536897.41,-0.008252635543513869,0.000839370107475933,UP,UP
2024-06-18,15,323.0,51.0,249852.83,51.0,186.0,4217.0,129373.12,4279.24,207.0,6180.0,123680.08,6240.0599999999995,263.0,5486.0,128111.87,6333.57,1362.0,9716.0,520409.75,12158.29,1642.0,25922.0,473889.38,59708.25,3083.0,33348.0,588437.79,168522.8,26201.0,66970.0,2604211.61,812377.35,91240.0,55448.0,2758871.4,2200075.52,72642.0,5366.0,303211.29000000004,587910.85,27410.0,1246.0,34018.66,274438.46,6006.0,78.0,6269.09,23583.99,590.0,45.0,590.0,17832.0,182.0,8.0,182.0,4081.0,15.0,1.0,15.0,629.0,547.1,548.49,1,231352.0,214082.0,0.9253518448082344,17270.0,7921123.87,4178221.3800000004,-0.3093475235777482,0.0020419697715546364,UP,UP
2024-06-20,9,183.0,9262.0,151837.03,26840.319999999996,239.0,11097.0,186306.88,49555.29,4.0,2209.0,2533.0,13789.369999999999,322.0,14814.0,181031.59,123306.22,473.0,15575.0,226106.68000000002,218176.45,794.0,15042.0,296913.16000000003,330980.82999999996,1963.0,19621.0,564440.28,685760.4400000001,8532.0,37560.0,1753003.56,2042811.06,29243.0,65653.0,3735761.91,5303021.63,59716.0,25355.0,4937126.82,2991825.49,40317.0,4790.0,1882854.6400000001,821189.3300000001,26182.0,1125.0,610861.36,289427.4,16432.0,250.0,189238.71,85285.14,20494.0,37.0,124019.15,15833.0,15132.0,98.0,55970.119999999995,55500.03,548.49,549.61,3,220026.0,222488.0,1.011189586685159,-2462.0,14898004.89,13053302.0,-0.06599701750117111,-0.0006913993559069063,DOWN,DOWN
2024-06-20,10,147.0,24356.0,121960.02,72064.69,233.0,15273.0,168407.07,62273.12,44.0,17443.0,25354.0,105765.89,213.0,59997.0,110074.16,490207.66000000003,440.0,20994.0,176610.15,267381.58,1658.0,22168.0,518775.85,475974.57,3273.0,40681.0,754730.49,1469125.82,19971.0,80915.0,3148585.22,4924721.12,69368.0,92683.0,6540212.1899999995,8838533.67,84775.0,20713.0,4674238.22,3061136.64,46484.0,3249.0,1266566.87,720261.57,65390.0,784.0,799513.92,241489.97,37367.0,89.0,200848.90000000002,36191.95,22141.0,60.0,79783.04,30364.010000000002,3714.0,76.0,7613.56,46938.09,548.49,549.23,3,355218.0,399481.0,1.1246079872075048,-44263.0,18593273.659999996,20842430.35,0.05703351180010919,-0.0015840358319829633,DOWN,DOWN
2024-06-20,11,11.0,531.0,8756.0,698.1899999999999,33.0,3576.0,22967.0,7560.13,6.0,10314.0,3460.0,34343.200000000004,132.0,57026.0,67286.07,322876.58,308.0,37112.0,125174.96,366060.20999999996,595.0,13038.0,175720.79,209031.38999999998,2309.0,24858.0,496118.75,678383.71,11712.0,47606.0,1620957.9200000002,2545683.14,57956.0,54913.0,4919083.0,4839917.79,59910.0,9381.0,2525974.3,1328617.1199999999,17576.0,2092.0,339415.01,461695.84,19881.0,474.0,164305.22999999998,146216.95,19978.0,195.0,87933.03,82794.0,17852.0,32.0,50153.33,16939.0,2076.0,18.0,3690.38,10610.0,548.49,548.36,3,210335.0,261166.0,1.2416668647622047,-50831.0,10610995.77,11051427.249999998,0.02033158892674871,-0.0019695090816252807,DOWN,DOWN
2024-06-20,12,73.0,12070.0,44343.91,62220.42999999999,251.0,24019.0,129846.52999999998,161414.29,106.0,14556.0,41005.92,202639.78,2268.0,64554.0,697258.3200000001,1103147.3,4316.0,44157.0,1063310.16,1831816.8,17197.0,64615.0,2665350.05,4124203.6799999997,44218.0,82655.0,4472590.2,7107838.47,60090.0,71945.0,3983002.28,7670552.89,54883.0,25841.0,1968596.77,4230646.0,56967.0,4355.0,968699.95,1167173.21,25466.0,871.0,186561.43,294485.97,17373.0,404.0,63608.06,175851.24,7866.0,80.0,15506.16,43564.02,8893.0,22.0,16918.84,14349.0,1679.0,34.0,1731.23,22750.0,548.49,547.28,3,301646.0,410178.0,1.3597992348635162,-108532.0,16318329.809999999,28212653.08,0.2671021948781363,-0.0004750767431661863,FLAT,FLAT
2024-06-20,13,59.0,27321.0,31644.04,139361.88,503.0,25215.0,222160.57,185091.07,917.0,12346.0,316955.63,184271.22,3025.0,38560.0,731862.29,1087232.8699999999,8961.0,61294.0,1400785.54,3134937.9699999997,42437.0,64563.0,4326580.29,5353739.37,65290.0,34294.0,3787944.11,4202218.1,46548.0,7301.0,1176206.38,1423695.78,25856.0,2783.0,317215.99,792622.88,44566.0,886.0,206504.69,327946.7,17815.0,217.0,47310.54,102156.58,7973.0,58.0,13391.08,34258.01,1325.0,2.0,1336.9,1322.0,1821.0,6.0,1821.0,4624.0,76.0,31.0,76.0,28341.000000000004,548.49,547.02,3,267172.0,274877.0,1.0288390999055708,-7705.0,12581795.05,17001819.43,0.149407854911982,0.0002924938759094144,FLAT,FLAT
2024-06-20,14,183.0,1563.0,118980.98000000001,1607.88,315.0,5134.0,166420.04,6048.95,32.0,5200.0,14361.0,13088.55,735.0,32672.0,260017.41999999998,123421.55,1282.0,48701.0,341274.52999999997,383235.33999999997,5260.0,34787.0,951949.6,619549.82,46655.0,47916.0,4721459.91,1926427.57,71410.0,34143.0,3340643.42,2868967.7399999998,42092.0,3274.0,748182.39,508426.77999999997,36336.0,1246.0,270351.1,298114.85,14582.0,230.0,39991.64,77061.0,3716.0,390.0,4916.42,173550.16999999998,408.0,2.0,412.0,1015.0,17.0,5.0,17.0,3129.0,6.0,3.0,6.0,2258.0,548.49,547.18,3,223029.0,215266.0,0.9651928672954405,7763.0,10978983.450000001,7005902.2,-0.22091223304496127,-0.00042033700062119245,FLAT,FLAT
2024-06-20,15,166.0,952.0,99648.93,958.0,225.0,2309.0,112412.92000000001,2687.37,39.0,14321.0,15232.0,35342.23,859.0,48539.0,231714.50999999998,224551.71,3702.0,50050.0,599915.78,516876.08,23254.0,77372.0,2353579.5,2294402.16,57493.0,55054.0,2553993.05,3187514.93,71633.0,14291.0,866448.99,1871271.17,43081.0,1803.0,125777.54,389051.19,23466.0,693.0,27226.88,215227.4,12514.0,272.0,12516.0,112976.98000000001,2887.0,396.0,2887.0,202244.04000000004,350.0,10.0,350.0,5600.0,103.0,4.0,103.0,2709.0,62.0,7.0,62.0,5993.0,548.49,546.95,3,239834.0,266073.0,1.1094048383460668,-26239.0,7001868.1,9067405.260000002,0.12853954959416244,-0.005667794131090624,DOWN,DOWN
2024-06-21,9,676.0,33868.0,266960.19,809976.82,587.0,20982.0,183731.64,845369.3400000001,4376.0,44601.0,1095253.31,2673783.65,10312.0,61702.0,1783855.07,5748770.39,34028.0,54819.0,4174301.0100000002,7157363.83,62213.0,15669.0,5178473.38,2883242.71,45411.0,7296.0,2304370.26,1822427.13,27506.0,3873.0,806188.2999999999,1232831.83,25367.0,1166.0,409102.34,465586.72,15012.0,405.0,137525.08,205825.27,20556.0,240.0,119248.66,146356.02,4269.0,25.0,14064.8,16570.95,2983.0,41.0,6644.83,32739.0,2101.0,11.0,2836.76,9180.0,2421.0,6.0,2447.34,6063.0,547.0,543.85,4,257818.0,244704.0,0.9491346608850075,13114.0,16485002.970000003,24056086.66,0.18675086829430665,0.0017651926082558073,UP,UP
2024-06-21,10,468.0,37166.0,209379.8,465881.95,723.0,27239.0,257407.75,618325.6,8013.0,39310.0,2120359.04,1418582.53,6841.0,60345.0,1293473.98,3578569.94,55869.0,66174.0,6871130.0200000005,6186049.83,94625.0,20269.0,7102160.87,2845001.96,46866.0,4655.0,1989299.14,975700.94,24512.0,3032.0,547799.21,866552.53,33784.0,281.0,356946.78,105738.9,67034.0,412.0,453915.46,194065.79,12673.0,283.0,49947.51,163319.74,2934.0,117.0,6484.11,80402.0,1000.0,27.0,1593.3,21021.92,1621.0,5.0,1651.5900000000001,4389.0,347.0,3.0,347.0,2946.99,547.0,544.81,4,357310.0,259318.0,0.7257507486503996,97992.0,21261895.560000006,17526549.619999994,-0.0963004813074056,0.0013032066224923095,UP,UP
2024-06-21,11,611.0,25751.0,300197.73,167679.93,909.0,31487.0,346953.72,315373.91,2921.0,25167.0,902169.37,448557.16000000003,3660.0,39303.0,786772.15,1349464.14,32179.0,56407.0,4259086.57,3433328.14,92465.0,35185.0,7667507.75,3418867.54,45929.0,7792.0,2032122.5399999998,1245025.95,34190.0,2538.0,711721.63,592145.39,27765.0,1361.0,289236.87,441608.14999999997,37757.0,189.0,212342.94,75751.01000000001,9499.0,102.0,29302.2,52585.880000000005,1772.0,18.0,3248.9,10870.0,740.0,4.0,844.09,2851.0,379.0,1.0,379.0,810.0,22.0,0.0,22.0,0.0,547.0,545.52,4,290798.0,225305.0,0.7747818073034382,65493.0,17541907.459999997,11554918.200000001,-0.20576090773469588,-0.0017768367795864017,DOWN,DOWN
2024-06-21,12,171.0,11691.0,91267.07,55483.310000000005,361.0,38016.0,142411.78,243212.06,795.0,29849.0,260290.33000000002,334725.81,2715.0,23204.0,657805.35,512230.2,5740.0,37040.0,841220.64,1606084.3,39541.0,58914.0,3524037.01,4507825.4,40597.0,19268.0,1891038.39,2553176.56,29288.0,2856.0,692076.7100000001,589327.37,26113.0,789.0,224466.3,222458.12999999998,17082.0,378.0,92502.78,142956.94,8304.0,150.0,22605.28,72716.94,1058.0,100.0,1677.09,60713.0,1763.0,3.0,1848.96,2077.0,667.0,1.0,667.0,797.0,31.0,2.0,31.0,1848.0,547.0,544.5507,4,174226.0,222261.0,1.2757051186374266,-48035.0,8443945.69,10905632.02,0.12722170824057086,-0.0010847474808130238,DOWN,DOWN
2024-06-21,13,96.0,62762.0,41105.04,382495.23,992.0,48322.0,319519.42,468063.21,1304.0,28479.0,305517.56,579922.03,8278.0,45000.0,1198236.4,1734337.51,37571.0,64898.0,3121270.35,4628970.95,61035.0,29801.0,2592764.38,3578230.65,27784.0,12537.0,523572.89,2408966.18,35384.0,1283.0,294896.01,373037.36,6511.0,476.0,22608.85,182608.28,4198.0,124.0,8327.87,60425.03,5946.0,49.0,8486.33,28257.99,3982.0,40.0,3983.05,28160.0,737.0,10.0,737.0,7670.0,366.0,1.0,366.0,841.0,699.0,1.0,699.0,965.0,547.0,543.96,4,194883.0,293783.0,1.5074839775634228,-98900.0,8442090.149999999,14462950.419999998,0.2628618033484556,0.0006066622545774075,UP,UP
2024-06-21,14,25.0,16320.0,11167.99,53699.12,1593.0,40493.0,543357.92,151044.34,805.0,63446.0,186248.08,421471.68,12009.0,33170.0,1875710.3,662116.9,51413.0,47794.0,4004343.29,2295685.64,58492.0,21711.0,1855529.47,2185158.2,54353.0,9969.0,470099.86,1782152.8499999999,52697.0,514.0,219770.55,141434.88,8625.0,245.0,16218.54,92101.07,2712.0,1446.0,2998.96,664229.74,2133.0,180.0,2167.39,100404.73000000001,116.0,161.0,116.0,114579.71,95.0,20.0,95.0,15318.0,10.0,0.0,10.0,0.0,8.0,0.0,8.0,0.0,547.0,544.29,4,245086.0,235469.0,0.9607607125663613,9617.0,9187841.350000001,8679396.860000001,-0.02845680367743705,-0.0003123334986862863,FLAT,FLAT
2024-06-21,15,430.0,15108.0,190720.52,15412.06,1288.0,12849.0,452221.51,18362.95,2269.0,26972.0,572746.82,63764.26,9481.0,57721.0,1502155.06,346981.91000000003,52436.0,46377.0,3966996.27,979959.39,66801.0,34598.0,1592413.78,2335519.8,68117.0,5215.0,404389.49,809683.1900000001,32393.0,1628.0,77523.6,402288.65,11464.0,1322.0,11675.27,466638.43,1535.0,506.0,1540.01,230882.81,1372.0,1553.0,1372.0,855474.29,217.0,65.0,217.0,41629.0,48.0,61.0,48.0,45885.04,124.0,17.0,124.0,14481.999999999998,19.0,0.0,19.0,0.0,547.0,544.12,4,247994.0,203992.0,0.8225682879431657,44002.0,8774162.329999998,6626963.78,-0.1394182824466112,0.002821068881864231,UP,UP
2024-06-24,9,48.0,12406.0,33470.04,48386.89,354.0,31588.0,195265.25,206979.76,101.0,17411.0,47914.02,187558.92,314.0,13360.0,117315.14,229313.65,711.0,24039.0,207918.06,715611.5,3891.0,41210.0,729773.59,2007501.9,32854.0,59872.0,4249290.5600000005,4788989.13,89104.0,22579.0,7097035.69,2417606.01,42287.0,5809.0,2111465.37,813068.4400000001,23125.0,1357.0,491209.1,293630.52,46360.0,305.0,360358.14,101653.9,25060.0,459.0,110217.78,209908.8,31635.0,205.0,90817.01999999999,112771.06999999999,4299.0,30.0,4465.62,19128.0,483.0,6.0,483.0,4440.99,544.51,545.655,0,300626.0,230636.0,0.7671858056197163,69990.0,15846998.38,12156549.48,-0.13178504803926186,0.000595614445024869,UP,UP
2024-06-24,10,69.0,1397.0,56806.0,2979.77,136.0,15322.0,99017.96,52072.51,89.0,35293.0,54743.05,187995.7,227.0,46872.0,114893.0,340354.61,659.0,29280.0,275681.32,395465.24,2912.0,49106.0,909693.62,1046962.0700000001,9652.0,81694.0,2158010.87,3073392.83,47731.0,108724.0,6804624.47,6782766.88,108038.0,107532.0,9740382.48,10366462.17,131834.0,29234.0,6989075.05,3985414.2399999998,55326.0,5533.0,1492776.51,1153210.39,71613.0,1918.0,716399.33,536536.57,65990.0,311.0,387904.18,132427.15,22396.0,153.0,69372.49,74793.05,6944.0,10.0,12859.619999999999,5854.0,544.51,545.98,0,523616.0,512379.0,0.9785396168184728,11237.0,29882239.95,28136687.18,-0.030085919480875613,0.00034799809516821226,FLAT,FLAT
2024-06-24,11,0.0,265.0,0.0,329.91,47.0,5223.0,33041.0,10352.12,171.0,12868.0,101955.0,46710.74,58.0,10571.0,29534.940000000002,56561.5,50.0,12942.0,20597.1,107630.51999999999,536.0,12419.0,166265.59,165507.43,2955.0,26500.0,641398.4,626715.24,16490.0,47515.0,2290737.51,2047422.45,64787.0,45587.0,5045322.62,3681547.56,46464.0,7666.0,1662318.1,1031152.17,15210.0,802.0,221547.06,167837.47,27774.0,757.0,172731.08,237591.71000000002,7203.0,540.0,19492.85,221042.52,586.0,15.0,964.9499999999999,7524.0,181.0,1.0,181.0,618.0,544.51,546.17,0,182512.0,183671.0,1.0063502673796443,-1159.0,10406087.2,8408543.34,-0.10616970956475096,-0.0019592800776313405,DOWN,DOWN
2024-06-24,12,1.0,240.0,763.0,269.08,4.0,1708.0,2652.0,3073.55,4.0,6498.0,2340.0,23324.5,20.0,10377.0,8685.039999999999,46308.43,467.0,17507.0,172858.81,127267.06,206.0,12452.0,60488.8,181859.61,2012.0,30387.0,356601.99,761339.24,13327.0,47463.0,1426934.13,2191914.82,69239.0,43708.0,3848755.66,3615850.2,26515.0,4324.0,588717.11,620303.62,14630.0,601.0,118744.81,141050.81,4821.0,458.0,16000.17,166036.72999999998,5668.0,308.0,7020.64,134190.19,1344.0,4.0,1443.8799999999999,2137.0,134.0,1.0,134.0,710.0,544.51,545.0999,0,138392.0,176036.0,1.272009942769293,-37644.0,6612140.039999999,8015634.840000001,0.09594725182152282,-0.0020636584229790224,DOWN,DOWN
2024-06-24,13,193.0,3348.0,120963.0,6285.29,33.0,9920.0,17252.0,28049.25,292.0,25582.0,123783.98999999999,127203.64,996.0,19102.0,328661.55,169693.14,2174.0,24964.0,529024.49,430078.92,8730.0,42441.0,1323729.08,1401748.17,75726.0,82707.0,6383373.3100000005,5168224.57,81576.0,48722.0,3440580.48,5040958.69,48049.0,9088.0,915842.9,1484463.48,34199.0,1024.0,210485.56,267969.8,10484.0,284.0,29254.11,98564.37,5624.0,136.0,8516.01,64897.95999999999,6273.0,131.0,7298.09,76961.79999999999,2382.0,804.0,2391.9599999999996,529143.0,50.0,1.0,50.0,685.0,544.51,543.975,0,276781.0,268254.0,0.9691922494681022,8527.0,13441206.530000003,14894927.080000004,0.05130271370145298,0.00045957994393124594,FLAT,FLAT
2024-06-24,14,197.0,825.0,123851.0,965.88,260.0,6458.0,122931.08000000002,10576.51,732.0,19984.0,286621.27,65754.31,912.0,21089.0,276108.3,118805.44,2253.0,24693.0,462239.31,235896.62,49967.0,41952.0,5651469.39,1140873.64,78774.0,56260.0,4093995.33,3393639.73,66626.0,16924.0,1183307.55,1815932.3900000001,32031.0,2459.0,179045.17,517055.93,11514.0,1140.0,26755.64,359288.17,6376.0,271.0,7022.93,114176.01,6573.0,129.0,6888.37,64689.89,319.0,36.0,394.25,22576.0,113.0,0.0,113.0,0.0,7.0,4.0,7.0,3400.0,544.51,544.225,0,256654.0,192224.0,0.7489616370687815,64430.0,12420749.59,7863630.519999999,-0.2246614905304975,-0.002894023611557798,DOWN,DOWN
2024-06-24,15,14.0,518.0,8798.0,518.0,115.0,3896.0,58196.04,3899.2400000000002,813.0,4200.0,354450.64,4353.06,481.0,9063.0,149574.84,9694.39,1064.0,16904.0,194700.36,32162.38,13418.0,56822.0,677823.91,581167.5,64827.0,51726.0,2506743.55,1898724.0699999998,66815.0,25782.0,814383.33,2464974.26,31568.0,2676.0,107993.61,524268.17,10930.0,813.0,11662.72,228272.11,1939.0,239.0,1939.0,93387.19,662.0,47.0,662.0,22819.03,149.0,201.0,149.0,119654.0,32.0,1.0,32.0,685.0,43.0,0.0,43.0,0.0,544.51,542.65,0,192870.0,172888.0,0.8963965365277317,19982.0,4887152.0,5984578.4,0.10094312125325508,0.0008292637980282773,UP,UP
2024-06-25,9,28.0,1722.0,21005.97,3814.14,127.0,16231.0,83169.84000000001,56323.06,24.0,37925.0,13351.02,222101.87,173.0,7648.0,81864.02,74784.48,388.0,17431.0,144467.65,295921.47,641.0,20381.0,178347.97,593033.96,3121.0,33175.0,621482.44,1624684.63,16337.0,59591.0,2201574.04,4902042.27,67567.0,25258.0,5459059.69,3255762.7600000002,39787.0,3262.0,1719134.35,626533.76,23990.0,1072.0,501589.83,283058.92,20947.0,662.0,199047.93,238882.53,7533.0,163.0,32927.43,73039.13,2820.0,12.0,6694.78,6471.02,4050.0,34.0,6645.2300000000005,21628.000000000004,542.74,543.1,1,187533.0,224567.0,1.197479910201418,-37034.0,11270362.19,12278081.999999998,0.04279347721952225,0.0010403240655495116,UP,UP
2024-06-25,10,1.0,726.0,810.0,1258.46,115.0,2824.0,81043.0,6145.82,45.0,26975.0,26324.04,92321.58,203.0,40007.0,100091.97,234664.99,1080.0,31012.0,419817.37,305204.79,1657.0,22467.0,499672.59,422938.45,3253.0,48776.0,695690.14,1606615.66,31177.0,83334.0,4344168.03,4975517.7700000005,110265.0,46028.0,9088261.23,4577947.12,72480.0,8342.0,3058327.63,1292220.52,42532.0,1574.0,774736.16,367289.11,58793.0,320.0,466613.71,104902.90000000001,56752.0,87.0,246928.46,36303.0,2856.0,183.0,6813.04,95470.0,4311.0,82.0,5548.49,50452.0,542.74,543.665,1,385520.0,312737.0,0.8112082382241875,72783.0,19814845.86,14169252.17,-0.1661245705275478,0.001259967075313029,UP,UP
2024-06-25,11,1.0,199.0,802.0,215.95,6.0,1158.0,4222.0,1261.04,86.0,1700.0,52463.009999999995,3444.6099999999997,64.0,5411.0,33249.0,17541.69,535.0,37490.0,215487.98,214539.37,666.0,15091.0,209120.71,156016.82,1792.0,28362.0,398339.77,583401.45,16914.0,52862.0,2382771.02,2101281.45,78099.0,45682.0,6388019.55,3338323.58,67041.0,10206.0,2681874.1,1293163.49,26509.0,844.0,448602.42,176892.11,56205.0,425.0,372826.52,121388.82,48624.0,396.0,173674.00999999998,154646.2,1110.0,162.0,1764.98,80068.93999999999,1289.0,94.0,1630.54,53697.0,542.74,544.35,1,298941.0,200082.0,0.669302638314352,98859.0,13364847.609999998,8295882.520000001,-0.23401635399996384,-0.002571507302287177,DOWN,DOWN
2024-06-25,12,23.0,518.0,17896.0,552.75,2.0,583.0,1345.0,1111.0900000000001,33.0,15864.0,16796.0,26604.52,77.0,38477.0,32823.0,171917.51,467.0,50531.0,152789.25,306738.09,1099.0,30184.0,258803.66999999998,387147.10000000003,8190.0,57595.0,1134391.78,1835980.87,44597.0,91091.0,3497163.91,5252129.79,87811.0,51549.0,3888411.7600000002,5030449.08,48929.0,6105.0,967644.02,952058.53,23553.0,1256.0,166542.24,323984.59,14629.0,544.0,61481.97,180116.12,3633.0,125.0,4903.41,61227.979999999996,2254.0,13.0,2637.19,6614.0,436.0,247.0,436.0,171259.69,542.74,542.9502,1,235733.0,344682.0,1.4621711851948511,-108949.0,10204065.200000001,14707891.709999999,0.18078975193602392,0.0018966748699973239,UP,UP
2024-06-25,13,0.0,873.0,0.0,1139.06,27.0,1373.0,17395.0,1570.88,42.0,4167.0,24314.96,7107.6900000000005,51.0,16015.0,23840.0,66140.89,503.0,17177.0,168070.12,77338.7,2443.0,14496.0,528108.24,155915.55,9000.0,35968.0,1287846.05,802482.55,64468.0,53348.0,5270911.4,2527984.84,76133.0,26218.0,2959369.4,1976617.08,50517.0,3961.0,654291.7,581942.24,38398.0,1107.0,159391.16,279043.3,2189.0,250.0,3023.34,89133.95999999999,1112.0,16.0,1118.16,7744.0,69.0,55.0,69.0,29681.000000000004,38.0,3.0,45.04,2102.0,542.74,543.98,1,244990.0,175027.0,0.7144250785758014,69963.0,11097793.569999998,6605943.74,-0.2537232535337334,0.0008180447810580085,UP,UP
2024-06-25,14,24.0,66.0,19789.0,66.0,2.0,1393.0,1488.0,1585.6100000000001,62.0,3404.0,40107.0,3552.33,26.0,3107.0,13785.04,3212.19,188.0,10394.0,77027.19,17928.41,955.0,10668.0,315293.03,29885.38,1108.0,26679.0,253008.53,150290.88999999998,10219.0,46027.0,1463726.58,664910.24,62086.0,73706.0,4347951.87,2758664.06,76095.0,21260.0,1890397.8,1852731.56,54988.0,2662.0,341413.99,435099.75,12765.0,411.0,28245.0,107790.72,1089.0,152.0,1090.0,54132.3,198.0,23.0,198.0,11110.029999999999,30.0,68.0,30.0,37713.0,542.74,544.425,1,219835.0,200020.0,0.9098642163444862,19815.0,8793551.030000001,6128672.47,-0.17858454941382046,0.0006520641043302889,UP,UP
2024-06-25,15,0.0,83.0,0.0,83.0,17.0,20.0,13421.04,20.0,17.0,1956.0,11553.0,1967.74,311.0,1717.0,176655.46,1851.51,742.0,10337.0,338588.22000000003,12700.779999999999,491.0,10172.0,179617.69,13525.490000000002,1342.0,13106.0,361014.51999999996,25122.41,17529.0,28012.0,2947896.16,99448.72,44820.0,53574.0,3490795.44,763666.44,79296.0,29482.0,1636714.81,1589373.23,43334.0,3518.0,165923.34,473111.99,12036.0,665.0,15167.929999999997,158977.0,908.0,92.0,947.77,31131.920000000002,453.0,14.0,533.85,6230.0,379.0,12.0,439.57,6407.0,542.74,544.78,1,201675.0,152760.0,0.7574563034597375,48915.0,9339268.799999999,3183617.2299999995,-0.49155215141724873,-0.0012206762362787958,DOWN,DOWN
2024-06-26,9,126.0,9804.0,74896.0,42984.34,458.0,15924.0,226194.1,102607.67,517.0,16691.0,202996.64,214440.43,563.0,13332.0,170409.69999999998,332842.9,1677.0,28578.0,371550.47000000003,1232486.36,25672.0,37690.0,3855679.31,2684782.3,87160.0,24640.0,8242090.96,2684815.84,64945.0,8922.0,3464584.9299999997,1494526.7,34238.0,553.0,887458.84,136126.15,18422.0,366.0,222891.91999999998,122187.94,47691.0,58.0,256805.63,24813.06,15845.0,50.0,46800.62999999999,25857.0,3931.0,104.0,7374.55,69622.92,1261.0,0.0,1261.94,0.0,150.0,0.0,150.0,0.0,544.83,544.115,2,302656.0,156712.0,0.5177891731883135,145944.0,18031145.62,9168093.61,-0.3258566144094199,0.00017459544397788537,FLAT,FLAT
2024-06-26,10,125.0,6901.0,81062.0,23912.32,151.0,30691.0,80119.0,163165.28,713.0,53378.0,303994.17,456201.17000000004,570.0,23295.0,196515.31,366035.37,2770.0,35666.0,704579.48,958963.87,12478.0,48939.0,2113953.93,2378345.7600000002,85160.0,60069.0,8998051.73,4927793.41,105965.0,31062.0,6218154.47,3980444.11,47849.0,1724.0,1326634.6,351877.28,39452.0,724.0,439550.54,201747.55,52032.0,155.0,296605.51999999996,56599.01,23848.0,348.0,71235.99,171626.25,6897.0,13.0,10140.98,7613.0,2881.0,0.0,2898.24,0.0,120.0,0.0,120.0,0.0,544.83,544.21,2,381011.0,292965.0,0.7689148082344895,88046.0,20843615.959999997,14044324.379999999,-0.19488945216419745,0.002039653810110089,UP,UP
2024-06-26,11,14.0,11499.0,8477.0,45354.33,148.0,25630.0,75446.04,115573.08,671.0,70220.0,283950.45999999996,584214.07,909.0,17354.0,279407.55,246499.49,2847.0,34370.0,590445.72,968280.15,21596.0,70814.0,3204000.7399999998,3554036.18,81000.0,66902.0,7509559.9,5398651.18,91350.0,32483.0,4973981.58,3895250.91,57288.0,4516.0,1498213.04,672478.36,75219.0,706.0,599722.51,190888.95,37004.0,387.0,156915.50999999998,136240.8,7423.0,18.0,13662.789999999999,9814.01,2759.0,40.0,2927.0299999999997,25917.98,1339.0,0.0,1339.0,0.0,12.0,1.0,12.0,685.0,544.83,545.32,2,379579.0,334940.0,0.8823986574602852,44639.0,19198060.870000005,15843884.49,-0.09571889761088048,-0.0010269199735935927,DOWN,DOWN
2024-06-26,12,4.0,577.0,2809.0,906.85,63.0,1620.0,38876.0,3345.74,124.0,4702.0,63766.009999999995,14893.99,155.0,38082.0,61925.92,214548.93,2198.0,22281.0,604412.98,223734.41999999998,2874.0,22930.0,640550.64,469011.10000000003,18397.0,55146.0,2390088.89,2356416.34,59659.0,52834.0,4138399.02,4149157.67,55053.0,9687.0,1770904.19,1285789.0,24475.0,1587.0,315287.64,343245.84,38081.0,501.0,197530.45,157050.91999999998,5251.0,0.0,10765.16,0.0,2770.0,8.0,3089.83,4252.01,1047.0,0.0,1047.0,0.0,7.0,1.0,7.0,735.0,544.83,544.76,2,210158.0,209956.0,0.9990388184128178,202.0,10239459.73,9223087.809999999,-0.052221936409458845,0.00019274542917985534,FLAT,FLAT
2024-06-26,13,0.0,643.0,0.0,651.0,65.0,1089.0,35696.0,1584.58,47.0,4074.0,20886.04,12989.62,216.0,30070.0,78310.09,162469.43,320.0,12416.0,83344.93000000001,144046.22,3254.0,24411.0,564350.95,533056.07,27617.0,49050.0,2730809.59,2338968.63,62680.0,22823.0,2924479.64,2091469.46,69129.0,1844.0,1036002.9500000001,293243.43,32890.0,115.0,208538.78000000003,28960.0,3745.0,113.0,8679.99,41617.02,1329.0,3.0,1866.95,1300.0,1043.0,2.0,1140.17,1107.0,82.0,0.0,82.0,0.0,6.0,0.0,7.0,0.0,544.83,544.865,2,202423.0,146653.0,0.7244878299416346,55770.0,7694195.080000001,5651462.459999999,-0.15306346756443512,-0.0005873014416415982,DOWN,DOWN
2024-06-26,14,0.0,1235.0,0.0,1317.91,128.0,970.0,73587.0,1097.02,426.0,3630.0,186808.98,7408.06,165.0,18326.0,62288.06,54073.49,331.0,39480.0,94163.39,215353.58,5703.0,17841.0,1082252.06,209768.09,21934.0,39018.0,2181603.86,1159697.48,46447.0,28149.0,1979773.11,2053269.12,35011.0,3098.0,500352.46,421647.26,65744.0,427.0,340208.74,96094.63,3665.0,102.0,7193.570000000001,34261.95,2737.0,5.0,2910.98,2179.0,242.0,4.0,242.0,2041.0,4.0,0.0,4.0,0.0,0.0,1.0,0.0,705.0,544.83,544.545,2,182537.0,152286.0,0.8342746949942518,30251.0,6511388.210000001,4258913.59,-0.209137558243706,0.0017904856347960608,UP,UP
2024-06-26,15,71.0,1563.0,50117.03999999999,1751.33,218.0,12586.0,122547.93,12845.4,136.0,9895.0,63532.27,11873.34,510.0,15029.0,187966.99,29144.67,816.0,41842.0,226074.68,176651.08,5699.0,36923.0,939910.76,279941.55,37350.0,64081.0,3468774.5500000003,1285383.69,84546.0,29456.0,3077543.38,1728940.03,72082.0,13709.0,969931.85,967167.19,30179.0,858.0,150362.31,159198.4,15521.0,660.0,23469.0,226408.94,5308.0,83.0,5314.52,36291.05,581.0,38.0,585.0,16505.11,25.0,0.0,25.0,0.0,87.0,0.0,87.0,0.0,544.83,545.52,2,253129.0,226723.0,0.8956816484879422,26406.0,9286242.280000001,4932101.78,-0.30623400880057855,0.001081536882240854,UP,UP
2024-06-27,9,47.0,5196.0,31209.0,21349.769999999997,378.0,32290.0,232663.38999999998,185669.34,131.0,10179.0,67132.2,89746.79000000001,259.0,13326.0,101853.94,193751.17,1034.0,25439.0,329038.65,605217.07,9361.0,37191.0,2167982.74,1463378.02,21060.0,66817.0,3315172.3,4337864.609999999,65256.0,76797.0,6698534.33,7402772.4,72764.0,19954.0,4540879.39,2860603.31,46851.0,1611.0,1488911.02,337119.47,23504.0,795.0,356010.25,226697.15,38504.0,201.0,256439.62,84538.18000000001,24683.0,80.0,89805.02,40566.2,3351.0,20.0,4401.36,11720.0,904.0,1.0,904.0,763.0,545.51,546.11,3,308087.0,289897.0,0.9409582358231897,18190.0,19680937.21,17861756.479999997,-0.04845631869203139,-0.00021973595063266434,FLAT,FLAT
2024-06-27,10,18.0,9074.0,13021.0,25304.789999999997,59.0,7796.0,36527.94,32295.21,64.0,40390.0,34126.01,246244.91,359.0,41677.0,155189.22,366815.77,752.0,28304.0,269770.67,436924.49,8937.0,38820.0,2301203.58,1032101.03,12558.0,68038.0,2137075.7,3215670.65,56840.0,93077.0,6124553.99,7445464.63,86675.0,30426.0,5247032.14,3808462.98,45976.0,7598.0,1288488.02,1474385.6300000001,24678.0,611.0,268962.44,175629.08,35206.0,718.0,192454.89,261738.99,15390.0,100.0,44436.06,46471.06,844.0,420.0,1243.19,236000.0,1820.0,1.0,1820.0,719.0,545.51,545.99,3,290176.0,367050.0,1.2649219783846186,-76874.0,18115904.85,18804228.219999995,0.018643577711242934,-0.0014011245627209012,DOWN,DOWN
2024-06-27,11,11.0,14489.0,7139.0,43008.369999999995,246.0,25761.0,123363.84999999998,136083.1,298.0,36235.0,131374.0,253174.47999999998,590.0,28078.0,189698.37999999998,329673.0,1940.0,27521.0,472241.41,714776.96,10612.0,45547.0,1683509.09,2055841.17,55145.0,74796.0,5309066.61,5801568.27,70501.0,39147.0,3887433.15,4680720.52,61510.0,4754.0,1615772.03,904148.32,24295.0,885.0,283144.65,238163.06,9865.0,169.0,49494.35,60147.0,7081.0,54.0,15558.85,26753.0,4070.0,16.0,4247.110000000001,8886.0,1766.0,1.0,1921.0,720.0,687.0,0.0,687.0,0.0,545.51,545.225,3,248617.0,297453.0,1.1964306543792402,-48836.0,13774650.479999999,15253663.25,0.05095069537130673,0.0007978357558804982,UP,UP
2024-06-27,12,3.0,725.0,1930.0,930.53,422.0,3314.0,236529.13999999998,8197.44,356.0,3856.0,163839.98,14942.24,89.0,16051.0,33853.9,118149.77,803.0,10571.0,222796.25,134069.54,6383.0,18488.0,1250631.1300000001,452527.9,33795.0,40680.0,3840595.07,1888481.19,70675.0,22251.0,4402501.05,1880479.15,45473.0,2201.0,1230724.15,322393.39,17496.0,787.0,177980.61,193952.09,19396.0,267.0,78709.53,90626.0,2847.0,23.0,5034.3,9465.0,452.0,5.0,483.03999999999996,2590.0,89.0,10.0,89.0,6259.0,1.0,10.0,1.0,7092.0,545.51,545.66,3,198280.0,119239.0,0.6013667540871426,79041.0,11645698.149999999,5130155.239999999,-0.3883881647346473,0.00021991716453469986,FLAT,FLAT
2024-06-27,13,37.0,663.0,26970.0,782.64,152.0,1695.0,91327.01000000001,2153.86,102.0,1924.0,52838.92,3462.73,94.0,2958.0,39512.89,9198.050000000001,342.0,19183.0,105373.06,111862.24,2989.0,40215.0,658689.01,367594.45,14658.0,30046.0,1910174.45,816187.5599999999,45954.0,38683.0,3045579.11,2337383.64,38206.0,7686.0,1003832.87,892970.97,41363.0,396.0,367913.96,78187.24,25274.0,142.0,87784.08,42672.0,5085.0,9.0,7390.39,3747.0,957.0,9.0,1023.08,4465.0,70.0,30.0,70.0,17060.0,10.0,10.0,10.0,6860.000000000001,545.51,545.78,3,175293.0,143649.0,0.8194793859434234,31644.0,7398488.829999999,4694587.38,-0.2235908715901308,-0.0007145736377294618,DOWN,DOWN
2024-06-27,14,3.0,573.0,1890.0,754.7,217.0,4216.0,108550.87,7541.54,348.0,8646.0,139490.91,22355.62,1177.0,33124.0,354312.21,162383.05000000002,5840.0,27530.0,1234145.94,276852.12,14827.0,53975.0,1913171.23,1337875.08,94701.0,75918.0,5795957.39,4381017.66,87883.0,25370.0,2231628.11,2871912.98,47429.0,1838.0,406056.44,347531.7,18557.0,517.0,56928.96,147241.12,7628.0,180.0,10294.4,66652.42,5522.0,49.0,5939.62,25280.0,688.0,10.0,697.99,5876.99,11.0,0.0,11.0,0.0,6.0,0.0,6.0,0.0,545.51,545.39,3,284837.0,231946.0,0.8143113429792678,52891.0,12259081.07,9653274.979999999,-0.11891948469867453,0.0017602082913145357,UP,UP
2024-06-27,15,46.0,601.0,30755.0,601.0,183.0,1285.0,102515.98,1412.42,190.0,3379.0,86107.61,3740.33,321.0,11392.0,117515.99,13934.84,1030.0,14229.0,269021.57,27405.49,4415.0,25705.0,728520.12,121112.43,46635.0,45441.0,3601751.4299999997,747983.0,79262.0,25899.0,1797476.26,1622133.57,58048.0,1700.0,259116.09,240697.6,16593.0,867.0,22751.09,202168.93,12610.0,52.0,13152.380000000001,16983.95,371.0,40.0,371.0,17827.0,272.0,5.0,272.0,2659.0,20.0,2.0,20.0,1278.0,2.0,20.0,2.0,14400.0,545.51,546.35,3,219998.0,130617.0,0.5937190338112449,89381.0,7029348.519999999,3034337.5600000005,-0.3969729310157101,0.0031207101674749224,UP,UP
2024-06-28,9,77.0,2515.0,67796.0,6100.81,422.0,9130.0,314590.6,33483.479999999996,231.0,5194.0,157345.53,30451.98,295.0,10352.0,170141.34,96238.73000000001,352.0,18008.0,165235.73,279318.95,1387.0,20814.0,524326.0700000001,475802.35,4605.0,25491.0,1369828.06,1004277.58,10295.0,27901.0,2247969.42,1774070.19,39862.0,50851.0,6037174.25,4546861.71,69942.0,29225.0,7334751.6,3708262.71,36613.0,6370.0,2415523.41,1171404.5,51728.0,874.0,1788019.9,215799.7,19343.0,664.0,334591.36,219668.49999999997,23755.0,86.0,162000.1,37641.98,24144.0,29.0,90068.78,14667.0,546.37,548.055,4,283051.0,207504.0,0.733097568990277,75547.0,23179362.150000002,13614050.169999998,-0.2599734946247504,0.0010491647736085693,UP,UP
2024-06-28,10,114.0,3133.0,118699.00000000001,5556.2,178.0,6466.0,170619.1,14053.800000000001,2144.0,6480.0,1904593.65,20042.79,745.0,16339.0,547773.4,71528.48999999999,230.0,17211.0,147123.97,110271.19,1341.0,24964.0,745627.69,243341.22,2553.0,38710.0,1147928.25,592940.05,4099.0,105168.0,1424498.25,2498372.39,9322.0,78928.0,2495027.6399999997,3196434.39,55369.0,103009.0,11536411.239999998,6390459.14,63107.0,110432.0,8131562.89,10210752.049999999,117631.0,58755.0,10239330.11,7655546.08,67612.0,12208.0,3333533.07,2343266.62,50482.0,3595.0,1309772.17,1006135.75,38239.0,710.0,387507.16,272105.87,546.37,548.63,4,413166.0,586108.0,1.418577520898577,-172942.0,43640007.589999996,34630806.029999994,-0.11510295017168225,-0.0016586770683337886,DOWN,DOWN
2024-06-28,11,22.0,2259.0,19434.0,4409.92,87.0,5233.0,67692.0,13249.42,10.0,4231.0,6798.0,15882.07,930.0,30454.0,556848.0,181217.66,307.0,7803.0,154108.0,74640.45,734.0,24274.0,285358.05,390721.09,2009.0,38123.0,621728.57,1022190.91,4728.0,52900.0,1043591.87,2335418.31,25898.0,81856.0,3905552.65,6020414.93,68946.0,62662.0,6663192.17,7169309.85,54294.0,19939.0,3034377.42,3426014.25,55964.0,4733.0,1632355.43,1165974.88,20803.0,1084.0,290955.29,370839.64999999997,21091.0,446.0,135542.1,177516.51,6666.0,376.0,22072.31,193671.00999999998,546.37,547.72,4,262489.0,336373.0,1.2814746522700704,-73884.0,18439605.86,22561470.91,0.10053065369775412,-0.0025377930329365072,DOWN,DOWN
2024-06-28,12,86.0,5946.0,65932.0,18732.56,130.0,20801.0,86601.84,96182.52,148.0,15195.0,80895.91,86828.51,255.0,20711.0,112364.16,178163.57,84.0,22072.0,31065.96,384935.37,1517.0,36372.0,384144.43,1073921.66,11817.0,56646.0,2193897.75,2866037.49,40168.0,72636.0,4665287.69,5719278.7,79969.0,55869.0,6080752.17,6324600.27,58251.0,13388.0,2706307.65,2212170.4899999998,45280.0,3482.0,1121378.97,887564.38,53834.0,1126.0,652711.73,360833.02999999997,19224.0,346.0,115094.37,153567.87,14072.0,123.0,35767.82,67944.95,4210.0,5.0,6142.17,3253.0,546.37,546.33,4,329045.0,324718.0,0.9868498229725817,4327.0,18338344.620000005,20434014.369999997,0.05405061246184285,-0.0005491186645435317,FLAT,FLAT
2024-06-28,13,3.0,618.0,2289.0,946.09,106.0,2796.0,65155.04,6749.26,38.0,12570.0,20778.99,50019.36,128.0,15403.0,58461.05,95238.52,106.0,15084.0,36463.0,151338.2,1481.0,19893.0,369089.01,402134.84,5393.0,36019.0,916403.7200000001,1415954.3,42884.0,54406.0,4283893.5600000005,4006088.57,68002.0,19989.0,4115836.2,2310083.77,37103.0,3795.0,1045925.13,740296.71,24092.0,636.0,305198.71,172732.17,15126.0,230.0,95549.66,86664.94,10154.0,36.0,31154.829999999998,16880.0,1820.0,17.0,2157.4,9355.02,535.0,0.0,561.9,0.0,546.37,546.03,4,206971.0,181492.0,0.8768957969963092,25479.0,11348917.200000003,9464481.75,-0.09053953438969238,-0.0017032031207075587,DOWN,DOWN
2024-06-28,14,122.0,2484.0,85042.01,4732.249999999999,59.0,8217.0,33342.0,22440.86,48.0,16238.0,21373.989999999998,61970.670000000006,234.0,26031.0,81535.13,157655.38,975.0,17531.0,242001.44,209634.52,8021.0,39315.0,1208131.8399999999,1033208.23,27479.0,55179.0,2565033.7199999997,3060749.27,65799.0,41421.0,4124508.33,3595216.9899999998,62696.0,9295.0,1834365.81,1528404.7,43438.0,2776.0,505632.62,700189.5,20274.0,741.0,117759.99,247603.14,26979.0,1114.0,90061.56,477085.08999999997,5660.0,139.0,9818.02,75859.95999999999,5546.0,6.0,6005.2,3686.0,684.0,3.0,704.0,2316.0,546.37,545.1,4,268014.0,220490.0,0.822680904729519,47524.0,10925315.659999998,11180752.56,0.011555057980364394,-0.001852871032837991,DOWN,DOWN
2024-06-28,15,178.0,8124.0,99652.93,20201.68,857.0,14952.0,382967.24,36137.12,344.0,21016.0,122245.34,130465.27,1077.0,45218.0,269910.55,479937.30000000005,7346.0,70803.0,970961.49,1639160.05,51464.0,83626.0,4663856.42,3278873.12,77560.0,55010.0,3705351.01,4243380.75,69166.0,16436.0,1343482.3699999999,2489589.09,50156.0,5178.0,394374.73,1257111.4,35330.0,2826.0,124256.52,938134.97,26421.0,1380.0,43550.35,575786.95,18257.0,452.0,21827.98,241558.51,2698.0,97.0,2803.1600000000003,62514.99,1199.0,242.0,1255.8400000000001,172709.02,156.0,1.0,176.97,863.0000000000001,546.37,544.09,4,342209.0,325361.0,0.9507669289821402,16848.0,12146672.9,15566423.219999999,0.12339834947319035,0.0,FLAT,FLAT
